horaire,temperature_C,humidite_pct,timestamp,prediction,anomaly,anomaly_score
11:05:34,24.6,54.6,1900-01-01 11:05:34,1,0,0.42290876592778043
11:05:36,24.6,54.6,1900-01-01 11:05:36,1,0,0.42290876592778043
11:05:38,24.5,55.3,1900-01-01 11:05:38,1,0,0.4314917336041761
11:05:40,24.5,55.3,1900-01-01 11:05:40,1,0,0.4314917336041761
11:05:42,24.5,54.9,1900-01-01 11:05:42,1,0,0.4314171616526086
11:05:44,24.5,54.9,1900-01-01 11:05:44,1,0,0.4314171616526086
11:05:46,24.5,54.7,1900-01-01 11:05:46,1,0,0.4330898316294478
11:05:48,24.5,54.7,1900-01-01 11:05:48,1,0,0.4330898316294478
11:05:50,24.5,54.8,1900-01-01 11:05:50,1,0,0.4318636705057138
11:05:52,24.5,54.8,1900-01-01 11:05:52,1,0,0.4318636705057138
11:05:54,24.5,54.4,1900-01-01 11:05:54,1,0,0.4328685418977094
11:05:56,24.5,54.4,1900-01-01 11:05:56,1,0,0.4328685418977094
11:05:58,24.5,54.4,1900-01-01 11:05:58,1,0,0.4328685418977094
11:06:00,24.5,54.4,1900-01-01 11:06:00,1,0,0.4328685418977094
11:06:02,24.5,54.5,1900-01-01 11:06:02,1,0,0.43390595290980455
11:06:04,24.5,54.5,1900-01-01 11:06:04,1,0,0.43390595290980455
11:06:06,13.8,84.7,1900-01-01 11:06:06,-1,1,0.7623792739027688
11:06:08,13.5,89.7,1900-01-01 11:06:08,-1,1,0.7605760559597843
11:06:10,24.5,53.8,1900-01-01 11:06:10,1,0,0.4370073716368224
11:06:12,24.5,53.8,1900-01-01 11:06:12,1,0,0.4370073716368224
11:06:14,24.5,53.7,1900-01-01 11:06:14,1,0,0.43667620838014315
11:06:16,24.5,53.7,1900-01-01 11:06:16,1,0,0.43667620838014315
11:06:18,24.5,53.8,1900-01-01 11:06:18,1,0,0.4370073716368224
11:06:20,24.5,53.8,1900-01-01 11:06:20,1,0,0.4370073716368224
11:06:22,24.5,54.0,1900-01-01 11:06:22,1,0,0.434857410410887
11:06:24,24.5,54.0,1900-01-01 11:06:24,1,0,0.434857410410887
11:06:26,24.5,54.0,1900-01-01 11:06:26,1,0,0.434857410410887
11:06:28,24.5,54.0,1900-01-01 11:06:28,1,0,0.434857410410887
11:06:30,24.5,53.9,1900-01-01 11:06:30,1,0,0.4360856769322317
11:06:32,24.5,53.9,1900-01-01 11:06:32,1,0,0.4360856769322317
11:06:34,24.5,53.7,1900-01-01 11:06:34,1,0,0.43667620838014315
11:06:36,24.5,53.7,1900-01-01 11:06:36,1,0,0.43667620838014315
11:06:38,24.5,54.4,1900-01-01 11:06:38,1,0,0.4328685418977094
11:06:40,24.5,54.4,1900-01-01 11:06:40,1,0,0.4328685418977094
11:06:42,24.6,75.8,1900-01-01 11:06:42,1,0,0.5706362281527255
11:06:44,24.6,75.8,1900-01-01 11:06:44,1,0,0.5706362281527255
11:06:46,24.6,88.8,1900-01-01 11:06:46,1,0,0.6229431667886252
11:06:48,24.6,88.8,1900-01-01 11:06:48,1,0,0.6229431667886252
11:06:50,24.8,94.0,1900-01-01 11:06:50,-1,1,0.646619949808669
11:06:52,24.8,94.0,1900-01-01 11:06:52,-1,1,0.646619949808669
11:06:54,25.0,96.6,1900-01-01 11:06:54,-1,1,0.6479704420057069
11:06:56,25.0,96.6,1900-01-01 11:06:56,-1,1,0.6479704420057069
11:06:58,25.2,99.9,1900-01-01 11:06:58,-1,1,0.6427153174373712
11:07:00,25.2,99.9,1900-01-01 11:07:00,-1,1,0.6427153174373712
11:07:02,25.6,99.9,1900-01-01 11:07:02,1,0,0.6292358771488639
11:07:04,25.6,99.9,1900-01-01 11:07:04,1,0,0.6292358771488639
11:07:06,26.5,99.9,1900-01-01 11:07:06,1,0,0.6166489854909244
11:07:08,26.5,99.9,1900-01-01 11:07:08,1,0,0.6166489854909244
11:07:10,27.3,99.9,1900-01-01 11:07:10,-1,1,0.6449797133745739
11:07:12,27.3,99.9,1900-01-01 11:07:12,-1,1,0.6449797133745739
11:07:14,27.5,99.9,1900-01-01 11:07:14,-1,1,0.6577026318811328
11:07:16,27.5,99.9,1900-01-01 11:07:16,-1,1,0.6577026318811328
11:07:18,27.9,99.9,1900-01-01 11:07:18,-1,1,0.6694675908453688
11:07:20,27.9,99.9,1900-01-01 11:07:20,-1,1,0.6694675908453688
11:07:22,28.0,99.9,1900-01-01 11:07:22,-1,1,0.6708278286868763
11:07:24,28.9,99.9,1900-01-01 11:07:24,-1,1,0.7022535733848869
11:07:26,28.9,99.9,1900-01-01 11:07:26,-1,1,0.7022535733848869
11:07:28,29.2,99.9,1900-01-01 11:07:28,-1,1,0.7078595344838223
11:07:30,29.2,99.9,1900-01-01 11:07:30,-1,1,0.7078595344838223
11:07:32,29.7,99.9,1900-01-01 11:07:32,-1,1,0.7175322338997694
11:07:34,29.7,99.9,1900-01-01 11:07:34,-1,1,0.7175322338997694
11:07:36,29.7,99.9,1900-01-01 11:07:36,-1,1,0.7175322338997694
11:07:38,29.7,99.9,1900-01-01 11:07:38,-1,1,0.7175322338997694
11:07:40,29.2,99.9,1900-01-01 11:07:40,-1,1,0.7078595344838223
11:07:42,29.2,99.9,1900-01-01 11:07:42,-1,1,0.7078595344838223
11:07:44,28.7,99.9,1900-01-01 11:07:44,-1,1,0.6936707099585414
11:07:46,28.7,99.9,1900-01-01 11:07:46,-1,1,0.6936707099585414
11:07:48,28.0,99.9,1900-01-01 11:07:48,-1,1,0.6708278286868763
11:07:50,28.0,99.9,1900-01-01 11:07:50,-1,1,0.6708278286868763
11:07:52,27.6,99.9,1900-01-01 11:07:52,-1,1,0.6574801732113185
11:07:54,27.6,99.9,1900-01-01 11:07:54,-1,1,0.6574801732113185
11:07:56,27.3,99.9,1900-01-01 11:07:56,-1,1,0.6449797133745739
11:07:58,27.3,99.9,1900-01-01 11:07:58,-1,1,0.6449797133745739
11:08:00,26.9,99.9,1900-01-01 11:08:00,1,0,0.6312826881538863
11:08:02,26.9,99.9,1900-01-01 11:08:02,1,0,0.6312826881538863
11:08:04,26.6,99.9,1900-01-01 11:08:04,1,0,0.6193468360501607
11:08:06,26.6,99.9,1900-01-01 11:08:06,1,0,0.6193468360501607
11:08:08,26.4,99.9,1900-01-01 11:08:08,1,0,0.6116317288089025
11:08:10,26.4,99.9,1900-01-01 11:08:10,1,0,0.6116317288089025
11:08:12,26.2,99.9,1900-01-01 11:08:12,1,0,0.6097295835620434
11:08:14,26.2,99.9,1900-01-01 11:08:14,1,0,0.6097295835620434
11:08:16,26.1,99.9,1900-01-01 11:08:16,1,0,0.6128027304767872
11:08:18,26.1,99.9,1900-01-01 11:08:18,1,0,0.6128027304767872
11:08:20,26.0,99.9,1900-01-01 11:08:20,1,0,0.6183929926701596
11:08:22,26.0,99.9,1900-01-01 11:08:22,1,0,0.6183929926701596
11:08:24,25.9,99.9,1900-01-01 11:08:24,1,0,0.6177582307882582
11:08:26,25.9,99.9,1900-01-01 11:08:26,1,0,0.6177582307882582
11:08:28,25.9,99.9,1900-01-01 11:08:28,1,0,0.6177582307882582
11:08:30,25.9,99.9,1900-01-01 11:08:30,1,0,0.6177582307882582
11:08:32,25.8,99.9,1900-01-01 11:08:32,1,0,0.6186870454107246
11:08:34,25.8,99.9,1900-01-01 11:08:34,1,0,0.6186870454107246
11:08:36,25.8,99.9,1900-01-01 11:08:36,1,0,0.6186870454107246
11:08:38,25.8,99.9,1900-01-01 11:08:38,1,0,0.6186870454107246
11:08:40,25.8,99.9,1900-01-01 11:08:40,1,0,0.6186870454107246
11:08:42,25.8,99.9,1900-01-01 11:08:42,1,0,0.6186870454107246
11:08:44,25.7,99.9,1900-01-01 11:08:44,1,0,0.6228767564232512
11:08:46,25.7,99.9,1900-01-01 11:08:46,1,0,0.6228767564232512
11:08:48,25.7,99.9,1900-01-01 11:08:48,1,0,0.6228767564232512
11:08:50,25.7,99.9,1900-01-01 11:08:50,1,0,0.6228767564232512
11:08:52,25.7,93.4,1900-01-01 11:08:52,1,0,0.6133577873540663
11:08:54,25.7,93.4,1900-01-01 11:08:54,1,0,0.6133577873540663
11:08:56,25.7,90.2,1900-01-01 11:08:56,1,0,0.5941703107326244
11:08:58,25.7,90.2,1900-01-01 11:08:58,1,0,0.5941703107326244
11:09:00,25.7,82.8,1900-01-01 11:09:00,1,0,0.5788620506640794
11:09:02,25.7,82.8,1900-01-01 11:09:02,1,0,0.5788620506640794
11:09:04,25.7,75.9,1900-01-01 11:09:04,1,0,0.547178008157283
11:09:06,25.7,75.9,1900-01-01 11:09:06,1,0,0.547178008157283
11:09:08,25.7,69.2,1900-01-01 11:09:08,1,0,0.4993201106906949
11:09:10,25.7,69.2,1900-01-01 11:09:10,1,0,0.4993201106906949
11:09:12,25.7,65.4,1900-01-01 11:09:12,1,0,0.48319613411612816
11:09:14,25.7,65.4,1900-01-01 11:09:14,1,0,0.48319613411612816
11:09:16,8.0,90.0,1900-01-01 11:09:16,-1,1,0.789144990382841
11:09:18,25.7,69.2,1900-01-01 11:09:18,1,0,0.4993201106906949
11:09:20,25.7,75.0,1900-01-01 11:09:20,1,0,0.5373394072738116
11:09:22,25.8,75.5,1900-01-01 11:09:22,1,0,0.5357808216231046
11:09:24,26.0,68.3,1900-01-01 11:09:24,1,0,0.48385339657927123
11:09:26,26.0,68.3,1900-01-01 11:09:26,1,0,0.48385339657927123
11:09:28,26.0,63.5,1900-01-01 11:09:28,1,0,0.4494185653747769
11:09:30,26.0,63.5,1900-01-01 11:09:30,1,0,0.4494185653747769
11:09:32,26.0,65.5,1900-01-01 11:09:32,1,0,0.4731570418925327
11:09:34,26.0,65.5,1900-01-01 11:09:34,1,0,0.4731570418925327
11:09:36,28.1,99.9,1900-01-01 11:09:36,-1,1,0.6747241683096487
11:09:38,28.1,99.9,1900-01-01 11:09:38,-1,1,0.6747241683096487
11:09:40,27.8,99.9,1900-01-01 11:09:40,-1,1,0.661323914862457
11:09:42,27.8,99.9,1900-01-01 11:09:42,-1,1,0.661323914862457
11:09:44,27.4,99.9,1900-01-01 11:09:44,-1,1,0.6495780644368808
11:09:46,27.4,99.9,1900-01-01 11:09:46,-1,1,0.6495780644368808
11:09:48,27.1,99.9,1900-01-01 11:09:48,-1,1,0.6375713335383569
11:09:50,27.1,99.9,1900-01-01 11:09:50,-1,1,0.6375713335383569
11:09:52,26.7,99.9,1900-01-01 11:09:52,1,0,0.6219875333870938
11:09:54,26.7,99.9,1900-01-01 11:09:54,1,0,0.6219875333870938
11:09:56,26.4,99.9,1900-01-01 11:09:56,1,0,0.6116317288089025
11:09:58,26.3,58.1,1900-01-01 11:09:58,1,0,0.43128323122667206
11:10:00,26.3,57.2,1900-01-01 11:10:00,1,0,0.42896262294017523
11:10:02,26.3,99.9,1900-01-01 11:10:02,1,0,0.6101116393597024
11:10:04,26.2,99.9,1900-01-01 11:10:04,1,0,0.6097295835620434
11:10:06,26.2,99.9,1900-01-01 11:10:06,1,0,0.6097295835620434
11:10:08,26.2,99.9,1900-01-01 11:10:08,1,0,0.6097295835620434
11:10:10,26.2,99.9,1900-01-01 11:10:10,1,0,0.6097295835620434
11:10:12,26.2,99.9,1900-01-01 11:10:12,1,0,0.6097295835620434
11:10:14,26.3,99.9,1900-01-01 11:10:14,1,0,0.6101116393597024
11:10:16,26.3,99.9,1900-01-01 11:10:16,1,0,0.6101116393597024
11:10:18,26.3,99.9,1900-01-01 11:10:18,1,0,0.6101116393597024
11:10:20,26.3,99.9,1900-01-01 11:10:20,1,0,0.6101116393597024
11:10:22,26.4,99.9,1900-01-01 11:10:22,1,0,0.6116317288089025
11:10:24,26.6,45.3,1900-01-01 11:10:24,1,0,0.39465617906418277
11:10:26,26.4,95.9,1900-01-01 11:10:26,1,0,0.612654920994749
11:10:28,26.4,95.9,1900-01-01 11:10:28,1,0,0.612654920994749
11:10:30,26.4,89.5,1900-01-01 11:10:30,1,0,0.5940283115041969
11:10:32,26.4,89.5,1900-01-01 11:10:32,1,0,0.5940283115041969
11:10:34,26.4,82.2,1900-01-01 11:10:34,1,0,0.5765134709631999
11:10:36,26.4,82.2,1900-01-01 11:10:36,1,0,0.5765134709631999
11:10:38,26.5,76.5,1900-01-01 11:10:38,1,0,0.5559647917521222
11:10:40,26.5,76.5,1900-01-01 11:10:40,1,0,0.5559647917521222
11:10:42,26.5,72.0,1900-01-01 11:10:42,1,0,0.5187520896923999
11:10:44,26.5,72.0,1900-01-01 11:10:44,1,0,0.5187520896923999
11:10:46,26.5,69.9,1900-01-01 11:10:46,1,0,0.5099276058377923
11:10:48,26.5,69.9,1900-01-01 11:10:48,1,0,0.5099276058377923
11:10:50,26.4,66.2,1900-01-01 11:10:50,1,0,0.49008000305174976
11:10:52,26.4,66.2,1900-01-01 11:10:52,1,0,0.49008000305174976
11:10:54,26.5,65.2,1900-01-01 11:10:54,1,0,0.4788750028041197
11:10:56,26.5,64.5,1900-01-01 11:10:56,1,0,0.4693813491353014
11:10:58,26.5,64.5,1900-01-01 11:10:58,1,0,0.4693813491353014
11:11:00,26.5,64.3,1900-01-01 11:11:00,1,0,0.4664661924258712
11:11:02,26.5,64.3,1900-01-01 11:11:02,1,0,0.4664661924258712
11:11:04,26.5,61.9,1900-01-01 11:11:04,1,0,0.44998578012500323
11:11:06,26.5,61.9,1900-01-01 11:11:06,1,0,0.44998578012500323
11:11:08,26.5,60.5,1900-01-01 11:11:08,1,0,0.44478448776811613
11:11:10,26.5,60.5,1900-01-01 11:11:10,1,0,0.44478448776811613
11:11:12,26.6,60.0,1900-01-01 11:11:12,1,0,0.446917930973105
11:11:14,26.6,60.0,1900-01-01 11:11:14,1,0,0.446917930973105
11:11:16,26.6,59.4,1900-01-01 11:11:16,1,0,0.4450966814976857
11:11:18,26.6,59.4,1900-01-01 11:11:18,1,0,0.4450966814976857
11:11:20,26.5,59.0,1900-01-01 11:11:20,1,0,0.43683914907569316
11:11:22,26.5,59.0,1900-01-01 11:11:22,1,0,0.43683914907569316
11:11:24,26.6,60.8,1900-01-01 11:11:24,1,0,0.4509727570413429
11:11:26,26.6,60.8,1900-01-01 11:11:26,1,0,0.4509727570413429
11:11:28,26.6,61.7,1900-01-01 11:11:28,1,0,0.45605017138022697
11:11:30,26.6,61.7,1900-01-01 11:11:30,1,0,0.45605017138022697
11:11:32,26.6,62.0,1900-01-01 11:11:32,1,0,0.45496373107277777
11:11:34,26.6,62.0,1900-01-01 11:11:34,1,0,0.45496373107277777
11:11:36,26.6,62.2,1900-01-01 11:11:36,1,0,0.45746814322744866
11:11:38,26.6,62.2,1900-01-01 11:11:38,1,0,0.45746814322744866
11:11:40,26.6,62.4,1900-01-01 11:11:40,1,0,0.46007970433198125
11:11:42,26.6,61.4,1900-01-01 11:11:42,1,0,0.4542146201881278
11:11:44,26.7,59.6,1900-01-01 11:11:44,1,0,0.4434062733977067
11:11:46,26.7,59.6,1900-01-01 11:11:46,1,0,0.4434062733977067
11:11:48,26.7,57.7,1900-01-01 11:11:48,1,0,0.43818828418872513
11:11:50,26.7,57.7,1900-01-01 11:11:50,1,0,0.43818828418872513
11:11:52,26.7,56.7,1900-01-01 11:11:52,1,0,0.4373457847233773
11:11:54,26.7,56.7,1900-01-01 11:11:54,1,0,0.4373457847233773
11:11:56,26.7,57.4,1900-01-01 11:11:56,1,0,0.439811246345501
11:11:58,26.7,57.4,1900-01-01 11:11:58,1,0,0.439811246345501
11:12:00,26.7,58.0,1900-01-01 11:12:00,1,0,0.43812302074770654
11:12:02,26.7,58.0,1900-01-01 11:12:02,1,0,0.43812302074770654
11:12:04,26.7,56.8,1900-01-01 11:12:04,1,0,0.43719089529820754
11:12:06,26.6,56.4,1900-01-01 11:12:06,1,0,0.4374453918115749
11:12:08,26.7,58.4,1900-01-01 11:12:08,1,0,0.43706876897749797
11:12:10,26.8,59.6,1900-01-01 11:12:10,1,0,0.45273521914285186
11:12:12,26.7,58.7,1900-01-01 11:12:12,1,0,0.4384653130114229
11:12:14,26.8,59.6,1900-01-01 11:12:14,1,0,0.45273521914285186
11:12:16,26.7,61.0,1900-01-01 11:12:16,1,0,0.4532315587163853
11:12:18,26.8,61.5,1900-01-01 11:12:18,1,0,0.4674460695423797
11:12:20,26.7,61.5,1900-01-01 11:12:20,1,0,0.4578760266701557
11:12:22,26.7,62.3,1900-01-01 11:12:22,1,0,0.4613664542632392
11:12:24,26.9,62.0,1900-01-01 11:12:24,1,0,0.4798719480615144
11:12:26,26.7,62.6,1900-01-01 11:12:26,1,0,0.46286594874687187
11:12:28,26.7,63.1,1900-01-01 11:12:28,1,0,0.46653973475338173
11:12:30,26.7,63.2,1900-01-01 11:12:30,1,0,0.46653973475338173
11:12:32,26.6,63.1,1900-01-01 11:12:32,1,0,0.4659568816589843
11:12:34,26.9,63.0,1900-01-01 11:12:34,1,0,0.4913070658018936
11:12:36,26.8,63.4,1900-01-01 11:12:36,1,0,0.48067288990159285
11:12:38,26.8,64.3,1900-01-01 11:12:38,1,0,0.4865107103335252
11:12:40,26.7,64.1,1900-01-01 11:12:40,1,0,0.47429156357244356
11:12:42,27.0,62.5,1900-01-01 11:12:42,1,0,0.4933936155842752
11:12:44,27.0,62.8,1900-01-01 11:12:44,1,0,0.49552117230010123
11:12:46,26.8,63.3,1900-01-01 11:12:46,1,0,0.4791420078835829
11:12:48,26.8,62.3,1900-01-01 11:12:48,1,0,0.4724136743458029
11:12:50,26.9,62.1,1900-01-01 11:12:50,1,0,0.4834453270081476
11:12:52,26.9,60.5,1900-01-01 11:12:52,1,0,0.473349681997219
11:12:54,26.9,60.9,1900-01-01 11:12:54,1,0,0.4769572716041265
11:12:56,26.8,60.3,1900-01-01 11:12:56,1,0,0.45893534701956273
11:12:58,26.9,59.3,1900-01-01 11:12:58,1,0,0.46575004158093125
11:13:00,27.0,58.2,1900-01-01 11:13:00,1,0,0.4678949585937529
11:13:02,27.0,57.8,1900-01-01 11:13:02,1,0,0.4696630487339105
11:13:04,26.9,57.1,1900-01-01 11:13:04,1,0,0.46100451303424844
11:13:06,27.0,55.6,1900-01-01 11:13:06,1,0,0.4698899380025216
11:13:08,26.9,56.3,1900-01-01 11:13:08,1,0,0.46158268744885234
11:13:10,26.9,55.4,1900-01-01 11:13:10,1,0,0.4619013049552269
11:13:12,26.9,55.4,1900-01-01 11:13:12,1,0,0.4619013049552269
11:13:14,26.9,55.5,1900-01-01 11:13:14,1,0,0.4603086180130938
11:13:16,26.9,55.5,1900-01-01 11:13:16,1,0,0.4603086180130938
11:13:18,26.9,54.3,1900-01-01 11:13:18,1,0,0.45925857408088894
11:13:20,26.9,54.3,1900-01-01 11:13:20,1,0,0.45925857408088894
11:13:22,27.0,60.7,1900-01-01 11:13:22,1,0,0.48302356153010423
11:13:24,27.0,60.7,1900-01-01 11:13:24,1,0,0.48302356153010423
11:13:26,26.9,55.2,1900-01-01 11:13:26,1,0,0.4609524485536431
11:13:28,26.9,55.2,1900-01-01 11:13:28,1,0,0.4609524485536431
11:13:30,26.6,52.7,1900-01-01 11:13:30,1,0,0.42959728120996543
11:13:32,26.6,52.7,1900-01-01 11:13:32,1,0,0.42959728120996543
11:13:34,26.3,51.4,1900-01-01 11:13:34,1,0,0.4155827631618116
11:13:36,26.3,51.4,1900-01-01 11:13:36,1,0,0.4155827631618116
11:13:38,26.0,49.7,1900-01-01 11:13:38,1,0,0.3913677589487207
11:13:40,26.0,49.7,1900-01-01 11:13:40,1,0,0.3913677589487207
11:13:42,25.8,48.7,1900-01-01 11:13:42,1,0,0.3865879413307462
11:13:44,25.8,48.7,1900-01-01 11:13:44,1,0,0.3865879413307462
11:13:46,25.7,48.4,1900-01-01 11:13:46,1,0,0.38637426127973634
11:13:48,25.7,48.4,1900-01-01 11:13:48,1,0,0.38637426127973634
11:13:50,25.5,48.3,1900-01-01 11:13:50,1,0,0.4039245555684571
11:13:52,25.5,48.3,1900-01-01 11:13:52,1,0,0.4039245555684571
11:13:54,25.4,47.6,1900-01-01 11:13:54,1,0,0.41145025194288015
11:13:56,25.3,46.9,1900-01-01 11:13:56,1,0,0.4091703193790618
11:13:58,25.3,46.9,1900-01-01 11:13:58,1,0,0.4091703193790618
11:14:00,25.2,46.4,1900-01-01 11:14:00,1,0,0.417166526409791
11:14:02,25.2,46.4,1900-01-01 11:14:02,1,0,0.417166526409791
11:14:04,25.1,46.7,1900-01-01 11:14:04,1,0,0.4235790549435906
11:14:06,25.1,46.7,1900-01-01 11:14:06,1,0,0.4235790549435906
11:14:08,25.1,46.7,1900-01-01 11:14:08,1,0,0.4235790549435906
11:14:10,25.1,46.7,1900-01-01 11:14:10,1,0,0.4235790549435906
11:14:12,25.1,46.3,1900-01-01 11:14:12,1,0,0.42424727311648913
11:14:14,25.1,46.3,1900-01-01 11:14:14,1,0,0.42424727311648913
11:14:16,25.0,45.9,1900-01-01 11:14:16,1,0,0.4298111882265187
11:14:18,25.0,45.8,1900-01-01 11:14:18,1,0,0.43048469744034423
11:14:20,25.0,45.8,1900-01-01 11:14:20,1,0,0.43048469744034423
11:14:22,24.9,46.4,1900-01-01 11:14:22,1,0,0.4405569867714946
11:14:24,24.9,46.4,1900-01-01 11:14:24,1,0,0.4405569867714946
11:14:26,25.0,46.0,1900-01-01 11:14:26,1,0,0.43075832513959667
11:14:28,24.8,44.0,1900-01-01 11:14:28,1,0,0.4779361157985156
11:14:30,24.9,41.5,1900-01-01 11:14:30,1,0,0.5072655862643768
11:14:32,24.8,39.7,1900-01-01 11:14:32,1,0,0.5472879831749907
11:14:34,24.9,38.2,1900-01-01 11:14:34,1,0,0.5467245458508866
11:14:36,24.9,36.3,1900-01-01 11:14:36,1,0,0.5553120942738299
11:14:38,24.9,35.5,1900-01-01 11:14:38,1,0,0.5592332145315463
11:14:40,25.0,33.1,1900-01-01 11:14:40,1,0,0.5827610096963174
11:14:42,25.2,33.6,1900-01-01 11:14:42,1,0,0.5660150698098986
11:14:44,25.0,33.3,1900-01-01 11:14:44,1,0,0.5817761225722781
11:14:46,25.2,33.0,1900-01-01 11:14:46,1,0,0.569144077229709
11:14:48,25.0,33.0,1900-01-01 11:14:48,1,0,0.58335274210024
11:14:50,25.3,34.5,1900-01-01 11:14:50,1,0,0.5433730052863444
11:14:52,25.1,34.7,1900-01-01 11:14:52,1,0,0.547602363790322
11:14:54,25.1,37.1,1900-01-01 11:14:54,1,0,0.5362289484360176
11:14:56,25.3,38.8,1900-01-01 11:14:56,1,0,0.5137601217948693
11:14:58,25.2,40.6,1900-01-01 11:14:58,1,0,0.5056807281894248
11:15:00,25.4,42.8,1900-01-01 11:15:00,1,0,0.46064442935445593
11:15:02,25.3,45.6,1900-01-01 11:15:02,1,0,0.4145267242776557
11:15:04,25.7,47.5,1900-01-01 11:15:04,1,0,0.3844379471460008
11:15:06,25.4,47.6,1900-01-01 11:15:06,1,0,0.41145025194288015
11:15:08,25.4,47.6,1900-01-01 11:15:08,1,0,0.41145025194288015
11:15:10,25.5,47.7,1900-01-01 11:15:10,1,0,0.4039218608239015
11:15:12,25.5,47.7,1900-01-01 11:15:12,1,0,0.4039218608239015
11:15:14,25.5,48.1,1900-01-01 11:15:14,1,0,0.4033343260207932
11:15:16,25.5,48.1,1900-01-01 11:15:16,1,0,0.4033343260207932
11:15:18,25.6,48.4,1900-01-01 11:15:18,1,0,0.3989093937713729
11:15:20,25.6,48.4,1900-01-01 11:15:20,1,0,0.3989093937713729
11:15:22,25.6,48.5,1900-01-01 11:15:22,1,0,0.3998765979353434
11:15:24,25.6,48.5,1900-01-01 11:15:24,1,0,0.3998765979353434
11:15:26,25.7,48.8,1900-01-01 11:15:26,1,0,0.38597981409958815
11:15:28,25.7,48.8,1900-01-01 11:15:28,1,0,0.38597981409958815
11:15:30,25.7,48.9,1900-01-01 11:15:30,1,0,0.38626125953192586
11:15:32,25.7,48.9,1900-01-01 11:15:32,1,0,0.38626125953192586
11:15:34,25.7,48.8,1900-01-01 11:15:34,1,0,0.38597981409958815
11:15:36,25.7,48.8,1900-01-01 11:15:36,1,0,0.38597981409958815
11:15:38,25.7,48.9,1900-01-01 11:15:38,1,0,0.38626125953192586
11:15:40,25.7,48.9,1900-01-01 11:15:40,1,0,0.38626125953192586
11:15:42,25.7,49.1,1900-01-01 11:15:42,1,0,0.38766807829885
11:15:44,25.7,49.1,1900-01-01 11:15:44,1,0,0.38766807829885
11:15:46,25.7,49.1,1900-01-01 11:15:46,1,0,0.38766807829885
11:15:48,25.7,49.1,1900-01-01 11:15:48,1,0,0.38766807829885
11:15:50,25.7,49.3,1900-01-01 11:15:50,1,0,0.39001186844888225
11:15:52,25.7,49.3,1900-01-01 11:15:52,1,0,0.39001186844888225
11:15:54,25.7,49.3,1900-01-01 11:15:54,1,0,0.39001186844888225
11:15:56,25.7,49.3,1900-01-01 11:15:56,1,0,0.39001186844888225
11:15:58,25.7,49.3,1900-01-01 11:15:58,1,0,0.39001186844888225
11:16:00,25.7,49.3,1900-01-01 11:16:00,1,0,0.39001186844888225
11:16:02,25.7,49.7,1900-01-01 11:16:02,1,0,0.3870951844215187
11:16:04,25.7,49.7,1900-01-01 11:16:04,1,0,0.3870951844215187
11:16:06,25.6,49.9,1900-01-01 11:16:06,1,0,0.39526825734042875
11:16:08,25.6,49.9,1900-01-01 11:16:08,1,0,0.39526825734042875
11:16:10,25.7,50.1,1900-01-01 11:16:10,1,0,0.390323090406416
11:16:12,25.7,50.1,1900-01-01 11:16:12,1,0,0.390323090406416
11:16:14,25.6,50.2,1900-01-01 11:16:14,1,0,0.3959992802300656
11:16:16,25.6,50.2,1900-01-01 11:16:16,1,0,0.3959992802300656
11:16:18,25.6,50.6,1900-01-01 11:16:18,1,0,0.3965295707911119
11:16:20,25.6,50.8,1900-01-01 11:16:20,1,0,0.3972354473828421
11:16:22,25.5,50.3,1900-01-01 11:16:22,1,0,0.40019835795835285
11:16:24,25.4,50.4,1900-01-01 11:16:24,1,0,0.40467357444402174
11:16:26,25.7,49.8,1900-01-01 11:16:26,1,0,0.38668141630724095
11:16:28,25.5,49.7,1900-01-01 11:16:28,1,0,0.40139956505848606
11:16:30,25.6,49.8,1900-01-01 11:16:30,1,0,0.3952534950835468
11:16:32,25.4,50.0,1900-01-01 11:16:32,1,0,0.40520211585453864
11:16:34,25.7,49.4,1900-01-01 11:16:34,1,0,0.388544532017629
11:16:36,25.5,49.6,1900-01-01 11:16:36,1,0,0.40324361163266753
11:16:38,25.6,49.5,1900-01-01 11:16:38,1,0,0.39934020569084977
11:16:40,25.5,49.9,1900-01-01 11:16:40,1,0,0.40042383382856
11:16:42,25.5,49.1,1900-01-01 11:16:42,1,0,0.4045344990073096
11:16:44,25.6,49.8,1900-01-01 11:16:44,1,0,0.3952534950835468
11:16:46,25.3,50.6,1900-01-01 11:16:46,1,0,0.39815959510639237
11:16:48,25.3,49.1,1900-01-01 11:16:48,1,0,0.40374191302230694
11:16:50,25.4,49.3,1900-01-01 11:16:50,1,0,0.4088037191870461
11:16:52,25.4,49.6,1900-01-01 11:16:52,1,0,0.4071509925042612
11:16:54,25.3,50.2,1900-01-01 11:16:54,1,0,0.39969106485087386
11:16:56,25.4,49.7,1900-01-01 11:16:56,1,0,0.4057960756995595
11:16:58,25.3,49.2,1900-01-01 11:16:58,1,0,0.40360042739318297
11:17:00,25.3,49.6,1900-01-01 11:17:00,1,0,0.40231588398280654
11:17:02,25.4,50.0,1900-01-01 11:17:02,1,0,0.40520211585453864
11:17:04,25.4,49.1,1900-01-01 11:17:04,1,0,0.4085035460872624
11:17:06,25.2,50.7,1900-01-01 11:17:06,1,0,0.3962186225603653
11:17:08,25.2,50.1,1900-01-01 11:17:08,1,0,0.40119661607164875
11:17:10,25.3,51.1,1900-01-01 11:17:10,1,0,0.3960138183371333
11:17:12,25.1,50.6,1900-01-01 11:17:12,1,0,0.39761459044400116
11:17:14,25.2,51.8,1900-01-01 11:17:14,1,0,0.3903488013613628
11:17:16,25.1,51.9,1900-01-01 11:17:16,1,0,0.39036348940729865
11:17:18,25.2,51.2,1900-01-01 11:17:18,1,0,0.39422178467556335
11:17:20,25.3,52.1,1900-01-01 11:17:20,1,0,0.39334412339701347
11:17:22,25.3,52.2,1900-01-01 11:17:22,1,0,0.3932110802765687
11:17:24,25.3,52.2,1900-01-01 11:17:24,1,0,0.3932110802765687
11:17:26,25.3,52.4,1900-01-01 11:17:26,1,0,0.39639188458487556
11:17:28,25.3,52.5,1900-01-01 11:17:28,1,0,0.3955115251293645
11:17:30,25.2,52.6,1900-01-01 11:17:30,1,0,0.3925653760887418
11:17:32,25.3,52.8,1900-01-01 11:17:32,1,0,0.3993704552632623
11:17:34,25.2,52.6,1900-01-01 11:17:34,1,0,0.3925653760887418
11:17:36,25.2,52.5,1900-01-01 11:17:36,1,0,0.39204652964764763
11:17:38,25.2,52.2,1900-01-01 11:17:38,1,0,0.39028169589154477
11:17:40,25.2,52.7,1900-01-01 11:17:40,1,0,0.3948034470934946
11:17:42,25.2,52.6,1900-01-01 11:17:42,1,0,0.3925653760887418
11:17:44,25.2,52.7,1900-01-01 11:17:44,1,0,0.3948034470934946
11:17:46,25.2,52.7,1900-01-01 11:17:46,1,0,0.3948034470934946
11:17:48,25.2,52.5,1900-01-01 11:17:48,1,0,0.39204652964764763
11:17:50,25.2,52.6,1900-01-01 11:17:50,1,0,0.3925653760887418
11:17:52,25.2,52.8,1900-01-01 11:17:52,1,0,0.3961395844567737
11:17:54,25.2,52.8,1900-01-01 11:17:54,1,0,0.3961395844567737
11:17:56,25.2,53.0,1900-01-01 11:17:56,1,0,0.39703420419910385
11:17:58,25.2,52.7,1900-01-01 11:17:58,1,0,0.3948034470934946
11:18:00,25.2,52.9,1900-01-01 11:18:00,1,0,0.396491888549921
11:18:02,25.2,52.7,1900-01-01 11:18:02,1,0,0.3948034470934946
11:18:04,25.2,52.7,1900-01-01 11:18:04,1,0,0.3948034470934946
11:18:06,32.4,33.7,1900-01-01 11:18:06,-1,1,0.7433562773801834
11:18:08,25.2,52.3,1900-01-01 11:18:08,1,0,0.39128503139107385
11:18:10,25.2,52.3,1900-01-01 11:18:10,1,0,0.39128503139107385
11:18:12,25.2,52.3,1900-01-01 11:18:12,1,0,0.39128503139107385
11:18:14,25.2,52.3,1900-01-01 11:18:14,1,0,0.39128503139107385
11:18:16,25.2,52.2,1900-01-01 11:18:16,1,0,0.39028169589154477
11:18:18,25.2,52.2,1900-01-01 11:18:18,1,0,0.39028169589154477
11:18:20,25.2,52.1,1900-01-01 11:18:20,1,0,0.3904137478536547
11:18:22,25.2,52.3,1900-01-01 11:18:22,1,0,0.39128503139107385
11:18:24,25.2,52.3,1900-01-01 11:18:24,1,0,0.39128503139107385
11:18:26,25.2,52.1,1900-01-01 11:18:26,1,0,0.3904137478536547
11:18:28,25.2,52.1,1900-01-01 11:18:28,1,0,0.3904137478536547
11:18:30,25.2,51.5,1900-01-01 11:18:30,1,0,0.3920593326081028
11:18:32,25.2,51.7,1900-01-01 11:18:32,1,0,0.3905007125991287
11:18:34,25.2,51.6,1900-01-01 11:18:34,1,0,0.3893226696156638
11:18:36,25.2,51.7,1900-01-01 11:18:36,1,0,0.3905007125991287
11:18:38,25.2,51.6,1900-01-01 11:18:38,1,0,0.3893226696156638
11:18:40,25.1,51.6,1900-01-01 11:18:40,1,0,0.38989009649207695
11:18:42,25.1,51.8,1900-01-01 11:18:42,1,0,0.3902288204512945
11:18:44,25.1,51.9,1900-01-01 11:18:44,1,0,0.39036348940729865
11:18:46,25.1,51.9,1900-01-01 11:18:46,1,0,0.39036348940729865
11:18:48,25.1,52.1,1900-01-01 11:18:48,1,0,0.39035986870560835
11:18:50,25.1,51.9,1900-01-01 11:18:50,1,0,0.39036348940729865
11:18:52,25.1,52.0,1900-01-01 11:18:52,1,0,0.3908268772092388
11:18:54,25.1,52.0,1900-01-01 11:18:54,1,0,0.3908268772092388
11:18:56,25.1,52.1,1900-01-01 11:18:56,1,0,0.39035986870560835
11:18:58,25.1,52.1,1900-01-01 11:18:58,1,0,0.39035986870560835
11:19:00,25.1,52.2,1900-01-01 11:19:00,1,0,0.3902278349673629
11:19:02,25.1,52.2,1900-01-01 11:19:02,1,0,0.3902278349673629
11:19:04,25.1,51.9,1900-01-01 11:19:04,1,0,0.39036348940729865
11:19:06,25.1,52.1,1900-01-01 11:19:06,1,0,0.39035986870560835
11:19:08,25.1,52.1,1900-01-01 11:19:08,1,0,0.39035986870560835
11:19:10,25.1,52.1,1900-01-01 11:19:10,1,0,0.39035986870560835
11:19:12,25.1,52.1,1900-01-01 11:19:12,1,0,0.39035986870560835
11:19:14,25.1,51.8,1900-01-01 11:19:14,1,0,0.3902288204512945
11:19:16,25.1,51.8,1900-01-01 11:19:16,1,0,0.3902288204512945
11:19:18,25.1,51.7,1900-01-01 11:19:18,1,0,0.39067732625203344
11:19:20,25.0,52.1,1900-01-01 11:19:20,1,0,0.3907695710547094
11:19:22,25.0,51.9,1900-01-01 11:19:22,1,0,0.3905284908905088
11:19:24,25.0,51.9,1900-01-01 11:19:24,1,0,0.3905284908905088
11:19:26,25.1,51.9,1900-01-01 11:19:26,1,0,0.39036348940729865
11:19:28,25.0,51.8,1900-01-01 11:19:28,1,0,0.39012971926776313
11:19:30,25.0,51.9,1900-01-01 11:19:30,1,0,0.3905284908905088
11:19:32,25.0,51.9,1900-01-01 11:19:32,1,0,0.3905284908905088
11:19:34,25.0,51.6,1900-01-01 11:19:34,1,0,0.3896585402093254
11:19:36,25.0,51.5,1900-01-01 11:19:36,1,0,0.39239756413447047
11:19:38,25.0,51.4,1900-01-01 11:19:38,1,0,0.39234156809375326
11:19:40,25.0,51.7,1900-01-01 11:19:40,1,0,0.3908857011539016
11:19:42,15.9,70.9,1900-01-01 11:19:42,-1,1,0.7279296359787122
11:19:44,25.0,51.8,1900-01-01 11:19:44,1,0,0.39012971926776313
11:19:46,25.0,51.8,1900-01-01 11:19:46,1,0,0.39012971926776313
11:19:48,25.0,51.8,1900-01-01 11:19:48,1,0,0.39012971926776313
11:19:50,25.1,51.9,1900-01-01 11:19:50,1,0,0.39036348940729865
11:19:52,25.0,51.8,1900-01-01 11:19:52,1,0,0.39012971926776313
11:19:54,25.0,52.0,1900-01-01 11:19:54,1,0,0.39123706970729294
11:19:56,25.0,51.9,1900-01-01 11:19:56,1,0,0.3905284908905088
11:19:58,24.9,36.5,1900-01-01 11:19:58,1,0,0.5549365047839325
11:20:00,25.0,51.4,1900-01-01 11:20:00,1,0,0.39234156809375326
11:20:02,25.0,51.0,1900-01-01 11:20:02,1,0,0.3973218964532625
11:20:04,25.0,50.8,1900-01-01 11:20:04,1,0,0.3983166010125839
11:20:06,25.0,50.6,1900-01-01 11:20:06,1,0,0.39828682356504097
11:20:08,25.0,50.3,1900-01-01 11:20:08,1,0,0.4014348940902885
11:20:10,25.0,50.2,1900-01-01 11:20:10,1,0,0.40193155170663675
11:20:12,25.0,50.1,1900-01-01 11:20:12,1,0,0.40439189980140855
11:20:14,25.0,50.3,1900-01-01 11:20:14,1,0,0.4014348940902885
11:20:16,25.0,50.3,1900-01-01 11:20:16,1,0,0.4014348940902885
11:20:18,25.0,50.4,1900-01-01 11:20:18,1,0,0.40111711835026226
11:20:20,25.0,50.5,1900-01-01 11:20:20,1,0,0.40043373802278664
11:20:22,25.0,50.3,1900-01-01 11:20:22,1,0,0.4014348940902885
11:20:24,25.0,50.4,1900-01-01 11:20:24,1,0,0.40111711835026226
11:20:26,25.0,50.3,1900-01-01 11:20:26,1,0,0.4014348940902885
11:20:28,25.0,50.6,1900-01-01 11:20:28,1,0,0.39828682356504097
11:20:30,25.0,50.6,1900-01-01 11:20:30,1,0,0.39828682356504097
11:20:32,25.0,50.8,1900-01-01 11:20:32,1,0,0.3983166010125839
11:20:34,25.0,50.9,1900-01-01 11:20:34,1,0,0.39792505873259454
11:20:36,24.9,50.8,1900-01-01 11:20:36,1,0,0.3992118533071031
11:20:38,25.0,51.0,1900-01-01 11:20:38,1,0,0.3973218964532625
11:20:40,25.0,51.0,1900-01-01 11:20:40,1,0,0.3973218964532625
11:20:42,24.9,51.1,1900-01-01 11:20:42,1,0,0.39614685505705965
11:20:44,24.9,51.2,1900-01-01 11:20:44,1,0,0.3941882280352491
11:20:46,24.9,51.3,1900-01-01 11:20:46,1,0,0.3915018301634649
11:20:48,24.9,51.5,1900-01-01 11:20:48,1,0,0.3896212354203069
11:20:50,24.9,51.3,1900-01-01 11:20:50,1,0,0.3915018301634649
11:20:52,24.9,51.2,1900-01-01 11:20:52,1,0,0.3941882280352491
11:20:54,24.9,50.8,1900-01-01 11:20:54,1,0,0.3992118533071031
11:20:56,25.0,50.5,1900-01-01 11:20:56,1,0,0.40043373802278664
11:20:58,25.0,50.4,1900-01-01 11:20:58,1,0,0.40111711835026226
11:21:00,24.9,50.3,1900-01-01 11:21:00,1,0,0.4041382191997354
11:21:02,24.9,50.3,1900-01-01 11:21:02,1,0,0.4041382191997354
11:21:04,24.9,50.7,1900-01-01 11:21:04,1,0,0.3984082647312659
11:21:06,24.9,50.7,1900-01-01 11:21:06,1,0,0.3984082647312659
11:21:08,24.9,50.7,1900-01-01 11:21:08,1,0,0.3984082647312659
11:21:10,24.9,51.2,1900-01-01 11:21:10,1,0,0.3941882280352491
11:21:12,24.9,51.6,1900-01-01 11:21:12,1,0,0.3871906159105953
11:21:14,24.9,51.6,1900-01-01 11:21:14,1,0,0.3871906159105953
11:21:16,24.9,52.0,1900-01-01 11:21:16,1,0,0.3877815543620865
11:21:18,24.9,52.1,1900-01-01 11:21:18,1,0,0.3885853038540549
11:21:20,24.9,52.3,1900-01-01 11:21:20,1,0,0.3907948352607687
11:21:22,24.9,52.4,1900-01-01 11:21:22,1,0,0.39096825249952466
11:21:24,25.0,52.1,1900-01-01 11:21:24,1,0,0.3907695710547094
11:21:26,24.9,51.7,1900-01-01 11:21:26,1,0,0.38773718955885167
11:21:28,24.9,51.6,1900-01-01 11:21:28,1,0,0.3871906159105953
11:21:30,24.9,51.6,1900-01-01 11:21:30,1,0,0.3871906159105953
11:21:32,24.9,51.5,1900-01-01 11:21:32,1,0,0.3896212354203069
11:21:34,27.2,99.9,1900-01-01 11:21:34,-1,1,0.6412101509875748
11:21:36,27.0,99.9,1900-01-01 11:21:36,-1,1,0.6342477702330204
11:21:38,26.6,99.9,1900-01-01 11:21:38,1,0,0.6193468360501607
11:21:40,20.5,90.0,1900-01-01 11:21:40,-1,1,0.6949514837200214
11:21:42,20.4,90.0,1900-01-01 11:21:42,-1,1,0.6974705291806914
11:21:44,25.5,99.9,1900-01-01 11:21:44,-1,1,0.6357185275488867
11:21:46,25.2,99.9,1900-01-01 11:21:46,-1,1,0.6427153174373712
11:21:48,25.1,99.9,1900-01-01 11:21:48,-1,1,0.6432185654257864
11:21:50,24.9,91.4,1900-01-01 11:21:50,1,0,0.625810293136766
11:21:52,24.9,91.0,1900-01-01 11:21:52,1,0,0.6229952157419167
11:21:54,24.9,83.2,1900-01-01 11:21:54,1,0,0.6057793588379693
11:21:56,25.0,79.1,1900-01-01 11:21:56,1,0,0.5861950045395666
11:21:58,25.0,72.6,1900-01-01 11:21:58,1,0,0.5356940040722044
11:22:00,24.9,66.5,1900-01-01 11:22:00,1,0,0.49808973692465314
11:22:02,25.0,62.7,1900-01-01 11:22:02,1,0,0.45793813152347423
11:22:04,24.9,61.4,1900-01-01 11:22:04,1,0,0.4422342396079404
11:22:06,25.1,60.7,1900-01-01 11:22:06,1,0,0.4359863468346716
11:22:08,24.9,56.6,1900-01-01 11:22:08,1,0,0.39587744465136676
11:22:10,25.0,54.9,1900-01-01 11:22:10,1,0,0.40150114071833337
11:22:12,24.9,53.1,1900-01-01 11:22:12,1,0,0.39334252582832835
11:22:14,25.0,52.4,1900-01-01 11:22:14,1,0,0.3938615278512265
11:22:16,24.8,51.4,1900-01-01 11:22:16,1,0,0.40875886058155436
11:22:18,25.0,52.0,1900-01-01 11:22:18,1,0,0.39123706970729294
11:22:20,24.9,51.0,1900-01-01 11:22:20,1,0,0.39787837318481756
11:22:22,25.1,51.4,1900-01-01 11:22:22,1,0,0.39153465092978224
11:22:24,24.8,50.7,1900-01-01 11:22:24,1,0,0.4168706727231454
11:22:26,25.0,50.8,1900-01-01 11:22:26,1,0,0.3983166010125839
11:22:28,25.0,50.7,1900-01-01 11:22:28,1,0,0.3975427049092239
11:22:30,24.9,51.1,1900-01-01 11:22:30,1,0,0.39614685505705965
11:22:32,25.0,51.0,1900-01-01 11:22:32,1,0,0.3973218964532625
11:22:34,25.1,50.5,1900-01-01 11:22:34,1,0,0.3997578813146203
11:22:36,25.0,51.0,1900-01-01 11:22:36,1,0,0.3973218964532625
11:22:38,25.0,50.1,1900-01-01 11:22:38,1,0,0.40439189980140855
11:22:40,24.8,50.1,1900-01-01 11:22:40,1,0,0.4257131660022985
11:22:42,24.9,49.5,1900-01-01 11:22:42,1,0,0.4136063048165397
11:22:44,24.9,49.9,1900-01-01 11:22:44,1,0,0.40811847361439024
11:22:46,24.8,50.9,1900-01-01 11:22:46,1,0,0.417180681634136
11:22:48,25.0,50.8,1900-01-01 11:22:48,1,0,0.3983166010125839
11:22:50,24.9,50.3,1900-01-01 11:22:50,1,0,0.4041382191997354
11:22:52,25.0,50.2,1900-01-01 11:22:52,1,0,0.40193155170663675
11:22:54,25.2,51.8,1900-01-01 11:22:54,1,0,0.3903488013613628
11:22:56,24.8,51.4,1900-01-01 11:22:56,1,0,0.40875886058155436
11:22:58,24.8,53.0,1900-01-01 11:22:58,1,0,0.4049702207907664
11:23:00,24.9,52.6,1900-01-01 11:23:00,1,0,0.3900966745684534
11:23:02,24.9,52.6,1900-01-01 11:23:02,1,0,0.3900966745684534
11:23:04,24.8,52.8,1900-01-01 11:23:04,1,0,0.404880727935837
11:23:06,24.7,53.0,1900-01-01 11:23:06,1,0,0.4172785527366349
11:23:08,24.8,53.1,1900-01-01 11:23:08,1,0,0.404626421766679
11:23:10,24.8,53.4,1900-01-01 11:23:10,1,0,0.40289724932959115
11:23:12,24.8,53.0,1900-01-01 11:23:12,1,0,0.4049702207907664
11:23:14,24.8,52.8,1900-01-01 11:23:14,1,0,0.404880727935837
11:23:16,24.9,52.8,1900-01-01 11:23:16,1,0,0.3926169932794721
11:23:18,24.9,52.7,1900-01-01 11:23:18,1,0,0.3915575701398644
11:23:20,24.9,52.8,1900-01-01 11:23:20,1,0,0.3926169932794721
11:23:22,24.9,52.9,1900-01-01 11:23:22,1,0,0.3935736113824658
11:23:24,24.9,52.4,1900-01-01 11:23:24,1,0,0.39096825249952466
11:23:26,24.9,52.3,1900-01-01 11:23:26,1,0,0.3907948352607687
11:23:28,24.9,52.1,1900-01-01 11:23:28,1,0,0.3885853038540549
11:23:30,24.9,52.1,1900-01-01 11:23:30,1,0,0.3885853038540549
11:23:32,24.9,51.8,1900-01-01 11:23:32,1,0,0.3872690804585027
11:23:34,24.9,51.7,1900-01-01 11:23:34,1,0,0.38773718955885167
11:23:36,24.9,51.8,1900-01-01 11:23:36,1,0,0.3872690804585027
11:23:38,24.9,51.9,1900-01-01 11:23:38,1,0,0.3873076959828817
11:23:40,24.9,52.2,1900-01-01 11:23:40,1,0,0.3891935350167055
11:23:42,24.9,52.2,1900-01-01 11:23:42,1,0,0.3891935350167055
11:23:44,24.9,52.2,1900-01-01 11:23:44,1,0,0.3891935350167055
11:23:46,24.9,52.2,1900-01-01 11:23:46,1,0,0.3891935350167055
11:23:48,24.9,52.2,1900-01-01 11:23:48,1,0,0.3891935350167055
11:23:50,24.9,52.4,1900-01-01 11:23:50,1,0,0.39096825249952466
11:23:52,24.9,52.6,1900-01-01 11:23:52,1,0,0.3900966745684534
11:23:54,24.9,52.1,1900-01-01 11:23:54,1,0,0.3885853038540549
11:23:56,24.9,51.9,1900-01-01 11:23:56,1,0,0.3873076959828817
11:23:58,25.0,51.6,1900-01-01 11:23:58,1,0,0.3896585402093254
11:24:00,24.9,51.5,1900-01-01 11:24:00,1,0,0.3896212354203069
11:24:02,24.9,51.6,1900-01-01 11:24:02,1,0,0.3871906159105953
11:24:04,24.9,51.5,1900-01-01 11:24:04,1,0,0.3896212354203069
11:24:06,24.9,51.7,1900-01-01 11:24:06,1,0,0.38773718955885167
11:24:08,24.9,51.5,1900-01-01 11:24:08,1,0,0.3896212354203069
11:24:10,24.9,51.3,1900-01-01 11:24:10,1,0,0.3915018301634649
11:24:12,24.9,51.3,1900-01-01 11:24:12,1,0,0.3915018301634649
11:24:14,24.9,51.5,1900-01-01 11:24:14,1,0,0.3896212354203069
11:24:16,24.9,51.8,1900-01-01 11:24:16,1,0,0.3872690804585027
11:24:18,24.9,51.7,1900-01-01 11:24:18,1,0,0.38773718955885167
11:24:20,24.9,52.0,1900-01-01 11:24:20,1,0,0.3877815543620865
11:24:22,24.9,52.0,1900-01-01 11:24:22,1,0,0.3877815543620865
11:24:24,24.9,51.9,1900-01-01 11:24:24,1,0,0.3873076959828817
11:24:26,24.9,51.7,1900-01-01 11:24:26,1,0,0.38773718955885167
11:24:28,24.9,51.9,1900-01-01 11:24:28,1,0,0.3873076959828817
11:24:30,24.9,51.9,1900-01-01 11:24:30,1,0,0.3873076959828817
11:24:32,24.9,51.8,1900-01-01 11:24:32,1,0,0.3872690804585027
11:24:34,25.0,51.7,1900-01-01 11:24:34,1,0,0.3908857011539016
11:24:36,24.9,51.5,1900-01-01 11:24:36,1,0,0.3896212354203069
11:24:38,24.9,51.4,1900-01-01 11:24:38,1,0,0.3906504669730999
11:24:40,25.0,51.3,1900-01-01 11:24:40,1,0,0.39325682814665264
11:24:42,24.9,51.2,1900-01-01 11:24:42,1,0,0.3941882280352491
11:24:44,24.9,51.1,1900-01-01 11:24:44,1,0,0.39614685505705965
11:24:46,24.9,51.1,1900-01-01 11:24:46,1,0,0.39614685505705965
11:24:48,24.9,51.1,1900-01-01 11:24:48,1,0,0.39614685505705965
11:24:50,24.9,51.0,1900-01-01 11:24:50,1,0,0.39787837318481756
11:24:52,24.9,50.9,1900-01-01 11:24:52,1,0,0.3989823630962332
11:24:54,24.9,51.2,1900-01-01 11:24:54,1,0,0.3941882280352491
11:24:56,24.9,51.0,1900-01-01 11:24:56,1,0,0.39787837318481756
11:24:58,24.9,51.0,1900-01-01 11:24:58,1,0,0.39787837318481756
11:25:00,24.9,51.0,1900-01-01 11:25:00,1,0,0.39787837318481756
11:25:02,24.9,51.5,1900-01-01 11:25:02,1,0,0.3896212354203069
11:25:04,24.9,51.6,1900-01-01 11:25:04,1,0,0.3871906159105953
11:25:06,26.8,76.0,1900-01-01 11:25:06,1,0,0.5691479535761595
11:25:08,26.2,69.1,1900-01-01 11:25:08,1,0,0.48968688120285964
11:25:10,26.1,66.2,1900-01-01 11:25:10,1,0,0.4796099151688897
11:25:12,25.8,62.2,1900-01-01 11:25:12,1,0,0.44231677762773175
11:25:14,25.7,61.6,1900-01-01 11:25:14,1,0,0.4443998668579049
11:25:16,25.5,58.9,1900-01-01 11:25:16,1,0,0.42393603010167125
11:25:18,25.3,59.9,1900-01-01 11:25:18,1,0,0.43311513327806755
11:25:20,25.4,55.7,1900-01-01 11:25:20,1,0,0.4104925137646784
11:25:22,25.3,56.4,1900-01-01 11:25:22,1,0,0.4041382519849887
11:25:24,25.0,55.2,1900-01-01 11:25:24,1,0,0.40420102640585337
11:25:26,25.1,53.7,1900-01-01 11:25:26,1,0,0.39715070097587174
11:25:28,24.9,52.5,1900-01-01 11:25:28,1,0,0.3898986922630964
11:25:30,24.9,52.4,1900-01-01 11:25:30,1,0,0.39096825249952466
11:25:32,24.9,52.4,1900-01-01 11:25:32,1,0,0.39096825249952466
11:25:34,24.9,52.3,1900-01-01 11:25:34,1,0,0.3907948352607687
11:25:36,24.9,52.3,1900-01-01 11:25:36,1,0,0.3907948352607687
11:25:38,24.9,52.1,1900-01-01 11:25:38,1,0,0.3885853038540549
11:25:40,24.9,51.7,1900-01-01 11:25:40,1,0,0.38773718955885167
11:25:42,24.9,51.6,1900-01-01 11:25:42,1,0,0.3871906159105953
11:25:44,24.9,51.3,1900-01-01 11:25:44,1,0,0.3915018301634649
11:25:46,25.0,51.2,1900-01-01 11:25:46,1,0,0.39541350172378714
11:25:48,24.9,51.1,1900-01-01 11:25:48,1,0,0.39614685505705965
11:25:50,24.9,51.3,1900-01-01 11:25:50,1,0,0.3915018301634649
11:25:52,24.9,51.3,1900-01-01 11:25:52,1,0,0.3915018301634649
11:25:54,24.9,51.1,1900-01-01 11:25:54,1,0,0.39614685505705965
11:25:56,24.9,51.4,1900-01-01 11:25:56,1,0,0.3906504669730999
11:25:58,24.9,51.6,1900-01-01 11:25:58,1,0,0.3871906159105953
11:26:00,24.9,51.8,1900-01-01 11:26:00,1,0,0.3872690804585027
11:26:02,24.9,52.0,1900-01-01 11:26:02,1,0,0.3877815543620865
11:26:04,24.9,52.0,1900-01-01 11:26:04,1,0,0.3877815543620865
11:26:06,24.9,51.9,1900-01-01 11:26:06,1,0,0.3873076959828817
11:26:08,24.9,51.8,1900-01-01 11:26:08,1,0,0.3872690804585027
11:26:10,24.9,51.7,1900-01-01 11:26:10,1,0,0.38773718955885167
11:26:12,24.9,51.5,1900-01-01 11:26:12,1,0,0.3896212354203069
11:26:14,24.9,51.5,1900-01-01 11:26:14,1,0,0.3896212354203069
11:26:16,24.9,51.5,1900-01-01 11:26:16,1,0,0.3896212354203069
11:26:18,24.9,51.4,1900-01-01 11:26:18,1,0,0.3906504669730999
11:26:20,24.9,51.3,1900-01-01 11:26:20,1,0,0.3915018301634649
11:26:22,24.9,51.3,1900-01-01 11:26:22,1,0,0.3915018301634649
11:26:24,24.9,51.4,1900-01-01 11:26:24,1,0,0.3906504669730999
11:26:26,24.9,51.3,1900-01-01 11:26:26,1,0,0.3915018301634649
11:26:28,24.9,51.3,1900-01-01 11:26:28,1,0,0.3915018301634649
11:26:30,24.9,51.1,1900-01-01 11:26:30,1,0,0.39614685505705965
11:26:32,24.9,51.0,1900-01-01 11:26:32,1,0,0.39787837318481756
11:26:34,24.9,50.9,1900-01-01 11:26:34,1,0,0.3989823630962332
11:26:36,25.0,51.0,1900-01-01 11:26:36,1,0,0.3973218964532625
11:26:38,24.9,55.3,1900-01-01 11:26:38,1,0,0.4021176014893215
11:26:40,24.9,60.1,1900-01-01 11:26:40,1,0,0.4267974743919303
11:26:42,24.9,61.5,1900-01-01 11:26:42,1,0,0.4439403522121797
11:26:44,24.9,64.3,1900-01-01 11:26:44,1,0,0.4716289134805965
11:26:46,25.0,67.4,1900-01-01 11:26:46,1,0,0.5015845837479639
11:26:48,25.0,66.2,1900-01-01 11:26:48,1,0,0.4977220535206737
11:26:50,25.0,64.2,1900-01-01 11:26:50,1,0,0.4725381404077074
11:26:52,25.0,62.9,1900-01-01 11:26:52,1,0,0.45854711365564355
11:26:54,25.0,63.4,1900-01-01 11:26:54,1,0,0.46397977254474904
11:26:56,25.0,99.9,1900-01-01 11:26:56,-1,1,0.6480342402002529
11:26:58,25.1,94.0,1900-01-01 11:26:58,-1,1,0.6358784369308151
11:27:00,25.1,87.9,1900-01-01 11:27:00,1,0,0.6095445546541534
11:27:02,25.1,77.9,1900-01-01 11:27:02,1,0,0.5710195138604336
11:27:04,25.1,73.4,1900-01-01 11:27:04,1,0,0.537439597743411
11:27:06,25.1,71.5,1900-01-01 11:27:06,1,0,0.5214217830402551
11:27:08,25.1,77.2,1900-01-01 11:27:08,1,0,0.5689136562199607
11:27:10,25.2,76.9,1900-01-01 11:27:10,1,0,0.5680988961266291
11:27:12,25.2,76.4,1900-01-01 11:27:12,1,0,0.565717976757252
11:27:14,25.2,71.6,1900-01-01 11:27:14,1,0,0.5223188132905632
11:27:16,25.2,69.3,1900-01-01 11:27:16,1,0,0.5084818484120501
11:27:18,25.2,67.3,1900-01-01 11:27:18,1,0,0.49952419691512695
11:27:20,25.2,65.1,1900-01-01 11:27:20,1,0,0.4812000215581183
11:27:22,25.2,64.1,1900-01-01 11:27:22,1,0,0.4685757055326874
11:27:24,25.2,63.7,1900-01-01 11:27:24,1,0,0.46622019005935417
11:27:26,25.2,62.6,1900-01-01 11:27:26,1,0,0.4559300787950918
11:27:28,25.2,61.4,1900-01-01 11:27:28,1,0,0.44132658437678896
11:27:30,25.2,60.9,1900-01-01 11:27:30,1,0,0.43778292097499527
11:27:32,25.2,60.2,1900-01-01 11:27:32,1,0,0.4288256529304924
11:27:34,25.2,59.7,1900-01-01 11:27:34,1,0,0.4283084785906176
11:27:36,25.2,59.2,1900-01-01 11:27:36,1,0,0.4171226345410173
11:27:38,25.2,59.0,1900-01-01 11:27:38,1,0,0.4155007119067785
11:27:40,25.2,58.3,1900-01-01 11:27:40,1,0,0.4064093950908435
11:27:42,25.2,58.1,1900-01-01 11:27:42,1,0,0.404887194236109
11:27:44,25.2,58.3,1900-01-01 11:27:44,1,0,0.4064093950908435
11:27:46,25.2,58.1,1900-01-01 11:27:46,1,0,0.404887194236109
11:27:48,25.3,58.0,1900-01-01 11:27:48,1,0,0.4084611750934497
11:27:50,25.3,58.1,1900-01-01 11:27:50,1,0,0.40883394992111244
11:27:52,25.3,58.0,1900-01-01 11:27:52,1,0,0.4084611750934497
11:27:54,25.3,58.1,1900-01-01 11:27:54,1,0,0.40883394992111244
11:27:56,25.4,58.1,1900-01-01 11:27:56,1,0,0.415061636897202
11:27:58,25.3,58.2,1900-01-01 11:27:58,1,0,0.40829290020828285
11:28:00,25.4,58.1,1900-01-01 11:28:00,1,0,0.415061636897202
11:28:02,25.4,58.0,1900-01-01 11:28:02,1,0,0.4146831836640651
11:28:04,25.4,58.2,1900-01-01 11:28:04,1,0,0.4149113246659023
11:28:06,25.4,57.2,1900-01-01 11:28:06,1,0,0.4104950520515739
11:28:08,25.4,57.1,1900-01-01 11:28:08,1,0,0.41037351633614677
11:28:10,25.4,56.7,1900-01-01 11:28:10,1,0,0.40947353562780714
11:28:12,25.4,56.5,1900-01-01 11:28:12,1,0,0.40952685213714124
11:28:14,25.4,56.5,1900-01-01 11:28:14,1,0,0.40952685213714124
11:28:16,25.4,56.7,1900-01-01 11:28:16,1,0,0.40947353562780714
11:28:18,25.4,56.9,1900-01-01 11:28:18,1,0,0.40974778773308984
11:28:20,25.4,57.0,1900-01-01 11:28:20,1,0,0.40960155149152233
11:28:22,25.4,56.8,1900-01-01 11:28:22,1,0,0.4091484371705948
11:28:24,25.5,56.8,1900-01-01 11:28:24,1,0,0.41264795811894556
11:28:26,25.5,57.1,1900-01-01 11:28:26,1,0,0.4138835156092661
11:28:28,25.5,57.6,1900-01-01 11:28:28,1,0,0.4150970554840707
11:28:30,25.5,59.6,1900-01-01 11:28:30,1,0,0.43366186322574923
11:28:32,25.5,60.3,1900-01-01 11:28:32,1,0,0.43752675329480095
11:28:34,25.5,60.9,1900-01-01 11:28:34,1,0,0.4456696636636772
11:28:36,25.6,60.2,1900-01-01 11:28:36,1,0,0.43590451985177253
11:28:38,25.5,59.7,1900-01-01 11:28:38,1,0,0.43573688281971407
11:28:40,25.5,63.9,1900-01-01 11:28:40,1,0,0.4672500608686953
11:28:42,25.5,63.6,1900-01-01 11:28:42,1,0,0.4655146959753097
11:28:44,25.5,52.6,1900-01-01 11:28:44,1,0,0.4012146006021049
11:28:46,25.4,49.2,1900-01-01 11:28:46,1,0,0.40836039181134176
11:28:48,25.5,45.5,1900-01-01 11:28:48,1,0,0.40653535343893854
11:28:50,25.5,43.1,1900-01-01 11:28:50,1,0,0.4453616222986514
11:28:52,25.5,39.9,1900-01-01 11:28:52,1,0,0.5020249525771672
11:28:54,25.6,38.4,1900-01-01 11:28:54,1,0,0.5082143149514419
11:28:56,25.4,36.3,1900-01-01 11:28:56,1,0,0.5341395843898737
11:28:58,25.4,34.9,1900-01-01 11:28:58,1,0,0.5415830825122827
11:29:00,25.7,34.2,1900-01-01 11:29:00,1,0,0.5372179406029971
11:29:02,25.6,32.4,1900-01-01 11:29:02,1,0,0.568804522900737
11:29:04,25.1,31.8,1900-01-01 11:29:04,1,0,0.5829699923972551
11:29:06,25.4,30.6,1900-01-01 11:29:06,1,0,0.5922248723982301
11:29:08,25.4,28.9,1900-01-01 11:29:08,1,0,0.6158805520912001
11:29:10,25.4,28.8,1900-01-01 11:29:10,1,0,0.6158805520912001
11:29:12,25.6,28.7,1900-01-01 11:29:12,1,0,0.6113419593487855
11:29:14,25.6,28.1,1900-01-01 11:29:14,1,0,0.617399091922244
11:29:16,25.2,27.9,1900-01-01 11:29:16,1,0,0.62190798165613
11:29:18,25.3,28.3,1900-01-01 11:29:18,1,0,0.6187740828482482
11:29:20,25.2,28.2,1900-01-01 11:29:20,1,0,0.6197390994363315
11:29:22,25.3,29.0,1900-01-01 11:29:22,1,0,0.6133255964252402
11:29:24,25.3,29.2,1900-01-01 11:29:24,1,0,0.6118749277643464
11:29:26,25.2,30.0,1900-01-01 11:29:26,1,0,0.5987160897303699
11:29:28,25.4,30.4,1900-01-01 11:29:28,1,0,0.5971436856998225
11:29:30,25.2,31.6,1900-01-01 11:29:30,1,0,0.5828338545167295
11:29:32,25.3,31.9,1900-01-01 11:29:32,1,0,0.5790916155971176
11:29:34,25.3,33.5,1900-01-01 11:29:34,1,0,0.5649333738975311
11:29:36,25.3,34.0,1900-01-01 11:29:36,1,0,0.5586972134709793
11:29:38,25.2,35.2,1900-01-01 11:29:38,1,0,0.5413116714996138
11:29:40,25.3,37.3,1900-01-01 11:29:40,1,0,0.5269052677534564
11:29:42,25.2,39.3,1900-01-01 11:29:42,1,0,0.5166183063866107
11:29:44,25.1,41.2,1900-01-01 11:29:44,1,0,0.49842067753505487
11:29:46,25.2,42.5,1900-01-01 11:29:46,1,0,0.4715378014938957
11:29:48,25.3,43.9,1900-01-01 11:29:48,1,0,0.42701637499092077
11:29:50,25.2,46.0,1900-01-01 11:29:50,1,0,0.41715759740105895
11:29:52,25.2,48.7,1900-01-01 11:29:52,1,0,0.4067376438735446
11:29:54,25.3,49.4,1900-01-01 11:29:54,1,0,0.4028176209501837
11:29:56,25.2,49.7,1900-01-01 11:29:56,1,0,0.40341564071860725
11:29:58,25.2,49.9,1900-01-01 11:29:58,1,0,0.4010984034492713
11:30:00,25.2,50.1,1900-01-01 11:30:00,1,0,0.40119661607164875
11:30:02,25.2,50.1,1900-01-01 11:30:02,1,0,0.40119661607164875
11:30:04,25.2,50.1,1900-01-01 11:30:04,1,0,0.40119661607164875
11:30:06,25.1,49.9,1900-01-01 11:30:06,1,0,0.4027369648652913
11:30:08,25.1,50.0,1900-01-01 11:30:08,1,0,0.40253439234322325
11:30:10,29.5,43.2,1900-01-01 11:30:10,-1,1,0.6729097703250838
11:30:12,28.0,39.4,1900-01-01 11:30:12,1,0,0.6312913870351935
11:30:14,25.1,50.4,1900-01-01 11:30:14,1,0,0.4004401082248518
11:30:16,25.1,50.3,1900-01-01 11:30:16,1,0,0.40041216685032294
11:30:18,25.1,50.3,1900-01-01 11:30:18,1,0,0.40041216685032294
11:30:20,25.1,50.3,1900-01-01 11:30:20,1,0,0.40041216685032294
11:30:22,25.1,50.9,1900-01-01 11:30:22,1,0,0.39698475086854534
11:30:24,25.0,50.5,1900-01-01 11:30:24,1,0,0.40043373802278664
11:30:26,25.1,50.4,1900-01-01 11:30:26,1,0,0.4004401082248518
11:30:28,25.1,50.3,1900-01-01 11:30:28,1,0,0.40041216685032294
11:30:30,25.1,50.5,1900-01-01 11:30:30,1,0,0.3997578813146203
11:30:32,25.0,50.3,1900-01-01 11:30:32,1,0,0.4014348940902885
11:30:34,25.0,50.3,1900-01-01 11:30:34,1,0,0.4014348940902885
11:30:36,25.0,50.3,1900-01-01 11:30:36,1,0,0.4014348940902885
11:30:38,25.0,50.5,1900-01-01 11:30:38,1,0,0.40043373802278664
11:30:40,25.0,50.5,1900-01-01 11:30:40,1,0,0.40043373802278664
11:30:42,25.0,50.3,1900-01-01 11:30:42,1,0,0.4014348940902885
11:30:44,25.0,50.5,1900-01-01 11:30:44,1,0,0.40043373802278664
11:30:46,25.0,50.5,1900-01-01 11:30:46,1,0,0.40043373802278664
11:30:48,25.0,50.4,1900-01-01 11:30:48,1,0,0.40111711835026226
11:30:50,25.0,50.6,1900-01-01 11:30:50,1,0,0.39828682356504097
11:30:52,25.0,50.5,1900-01-01 11:30:52,1,0,0.40043373802278664
11:30:54,24.9,50.4,1900-01-01 11:30:54,1,0,0.4036817176437446
11:30:56,24.9,50.5,1900-01-01 11:30:56,1,0,0.402585185189046
11:30:58,24.9,50.4,1900-01-01 11:30:58,1,0,0.4036817176437446
11:31:00,24.9,50.4,1900-01-01 11:31:00,1,0,0.4036817176437446
11:31:02,24.9,50.6,1900-01-01 11:31:02,1,0,0.39966288418248275
11:31:04,24.9,50.6,1900-01-01 11:31:04,1,0,0.39966288418248275
11:31:06,24.9,50.7,1900-01-01 11:31:06,1,0,0.3984082647312659
11:31:08,24.9,50.7,1900-01-01 11:31:08,1,0,0.3984082647312659
11:31:10,24.9,50.7,1900-01-01 11:31:10,1,0,0.3984082647312659
11:31:12,24.9,50.7,1900-01-01 11:31:12,1,0,0.3984082647312659
11:31:14,24.9,50.7,1900-01-01 11:31:14,1,0,0.3984082647312659
11:31:16,24.9,50.8,1900-01-01 11:31:16,1,0,0.3992118533071031
11:31:18,24.9,50.8,1900-01-01 11:31:18,1,0,0.3992118533071031
11:31:20,27.0,89.2,1900-01-01 11:31:20,1,0,0.6206790177104383
11:31:22,26.2,72.8,1900-01-01 11:31:22,1,0,0.5118843381546088
11:31:24,25.7,62.3,1900-01-01 11:31:24,1,0,0.44831169193233783
11:31:26,25.3,57.6,1900-01-01 11:31:26,1,0,0.4051436586251327
11:31:28,25.0,54.7,1900-01-01 11:31:28,1,0,0.4013445986797394
11:31:30,25.0,53.8,1900-01-01 11:31:30,1,0,0.39757276652258494
11:31:32,25.0,52.6,1900-01-01 11:31:32,1,0,0.39288956787444884
11:31:34,24.9,50.5,1900-01-01 11:31:34,1,0,0.402585185189046
11:31:36,24.9,50.3,1900-01-01 11:31:36,1,0,0.4041382191997354
11:31:38,24.9,50.7,1900-01-01 11:31:38,1,0,0.3984082647312659
11:31:40,24.9,50.8,1900-01-01 11:31:40,1,0,0.3992118533071031
11:31:42,24.9,51.0,1900-01-01 11:31:42,1,0,0.39787837318481756
11:31:44,24.9,51.1,1900-01-01 11:31:44,1,0,0.39614685505705965
11:31:46,24.9,51.1,1900-01-01 11:31:46,1,0,0.39614685505705965
11:31:48,24.8,51.3,1900-01-01 11:31:48,1,0,0.4103843096492366
11:31:50,24.8,51.2,1900-01-01 11:31:50,1,0,0.41306468875149366
11:31:52,24.8,51.3,1900-01-01 11:31:52,1,0,0.4103843096492366
11:31:54,24.8,51.3,1900-01-01 11:31:54,1,0,0.4103843096492366
11:31:56,24.9,51.5,1900-01-01 11:31:56,1,0,0.3896212354203069
11:31:58,24.8,51.3,1900-01-01 11:31:58,1,0,0.4103843096492366
11:32:00,24.9,51.6,1900-01-01 11:32:00,1,0,0.3871906159105953
11:32:02,24.9,51.9,1900-01-01 11:32:02,1,0,0.3873076959828817
11:32:04,24.9,52.1,1900-01-01 11:32:04,1,0,0.3885853038540549
11:32:06,24.9,52.1,1900-01-01 11:32:06,1,0,0.3885853038540549
11:32:08,24.9,51.9,1900-01-01 11:32:08,1,0,0.3873076959828817
11:32:10,25.0,51.8,1900-01-01 11:32:10,1,0,0.39012971926776313
11:32:12,25.0,51.4,1900-01-01 11:32:12,1,0,0.39234156809375326
11:32:14,25.0,51.5,1900-01-01 11:32:14,1,0,0.39239756413447047
11:32:16,25.1,51.5,1900-01-01 11:32:16,1,0,0.39263074809410586
11:32:18,25.1,51.5,1900-01-01 11:32:18,1,0,0.39263074809410586
11:32:20,25.1,51.4,1900-01-01 11:32:20,1,0,0.39153465092978224
11:32:22,25.2,51.4,1900-01-01 11:32:22,1,0,0.3917692601153763
11:32:24,25.2,51.6,1900-01-01 11:32:24,1,0,0.3893226696156638
11:32:26,25.2,51.7,1900-01-01 11:32:26,1,0,0.3905007125991287
11:32:28,25.3,51.9,1900-01-01 11:32:28,1,0,0.39323446092515074
11:32:30,25.3,51.8,1900-01-01 11:32:30,1,0,0.39276658539060755
11:32:32,25.3,51.4,1900-01-01 11:32:32,1,0,0.3950938745081912
11:32:34,25.4,51.3,1900-01-01 11:32:34,1,0,0.40158742996112734
11:32:36,25.5,51.3,1900-01-01 11:32:36,1,0,0.3995528078529244
11:32:38,25.4,50.9,1900-01-01 11:32:38,1,0,0.4039901536842868
11:32:40,25.5,51.1,1900-01-01 11:32:40,1,0,0.4000895410638523
11:32:42,25.5,51.1,1900-01-01 11:32:42,1,0,0.4000895410638523
11:32:44,25.6,51.6,1900-01-01 11:32:44,1,0,0.3947378201222953
11:32:46,25.6,51.4,1900-01-01 11:32:46,1,0,0.39587273710225884
11:32:48,25.6,51.5,1900-01-01 11:32:48,1,0,0.3967333009641851
11:32:50,25.6,52.1,1900-01-01 11:32:50,1,0,0.3968154878512318
11:32:52,25.6,52.4,1900-01-01 11:32:52,1,0,0.40012388939148735
11:32:54,25.6,51.9,1900-01-01 11:32:54,1,0,0.39634782852741857
11:32:56,25.6,51.7,1900-01-01 11:32:56,1,0,0.3962545955090725
11:32:58,25.6,51.7,1900-01-01 11:32:58,1,0,0.3962545955090725
11:33:00,25.6,51.7,1900-01-01 11:33:00,1,0,0.3962545955090725
11:33:02,25.7,51.6,1900-01-01 11:33:02,1,0,0.38948351607058534
11:33:04,25.7,51.9,1900-01-01 11:33:04,1,0,0.39176916491382896
11:33:06,25.7,52.2,1900-01-01 11:33:06,1,0,0.3931545206638981
11:33:08,25.7,52.6,1900-01-01 11:33:08,1,0,0.3946135573336441
11:33:10,25.7,52.4,1900-01-01 11:33:10,1,0,0.39566219097372723
11:33:12,25.7,52.2,1900-01-01 11:33:12,1,0,0.3931545206638981
11:33:14,25.7,51.9,1900-01-01 11:33:14,1,0,0.39176916491382896
11:33:16,25.8,51.6,1900-01-01 11:33:16,1,0,0.38597888536925534
11:33:18,25.7,51.6,1900-01-01 11:33:18,1,0,0.38948351607058534
11:33:20,25.8,52.2,1900-01-01 11:33:20,1,0,0.3904911211565878
11:33:22,25.8,52.6,1900-01-01 11:33:22,1,0,0.3924920569274671
11:33:24,25.8,52.7,1900-01-01 11:33:24,1,0,0.39341152273459407
11:33:26,25.8,52.2,1900-01-01 11:33:26,1,0,0.3904911211565878
11:33:28,25.8,52.0,1900-01-01 11:33:28,1,0,0.39048789377298154
11:33:30,25.8,51.7,1900-01-01 11:33:30,1,0,0.38874446229050874
11:33:32,29.7,43.0,1900-01-01 11:33:32,-1,1,0.6807409573324856
11:33:34,30.0,40.5,1900-01-01 11:33:34,-1,1,0.7010451112151029
11:33:36,25.9,52.4,1900-01-01 11:33:36,1,0,0.400853126836249
11:33:38,25.9,52.6,1900-01-01 11:33:38,1,0,0.40032415416711276
11:33:40,25.9,52.4,1900-01-01 11:33:40,1,0,0.400853126836249
11:33:42,10.4,82.8,1900-01-01 11:33:42,-1,1,0.7822736617413587
11:33:44,10.5,90.0,1900-01-01 11:33:44,-1,1,0.7811766229228906
11:33:46,25.9,51.0,1900-01-01 11:33:46,1,0,0.39499218016882404
11:33:48,25.9,50.7,1900-01-01 11:33:48,1,0,0.3960031280434743
11:33:50,25.9,50.6,1900-01-01 11:33:50,1,0,0.3956672120281406
11:33:52,25.9,50.8,1900-01-01 11:33:52,1,0,0.3963715535039316
11:33:54,25.9,50.5,1900-01-01 11:33:54,1,0,0.3953107477193835
11:33:56,25.9,50.0,1900-01-01 11:33:56,1,0,0.39476459433324307
11:33:58,25.9,50.0,1900-01-01 11:33:58,1,0,0.39476459433324307
11:34:00,25.9,49.8,1900-01-01 11:34:00,1,0,0.39106387992602
11:34:02,25.9,49.5,1900-01-01 11:34:02,1,0,0.3928833733671569
11:34:04,26.0,59.1,1900-01-01 11:34:04,1,0,0.427391460807406
11:34:06,25.8,49.1,1900-01-01 11:34:06,1,0,0.38671027450651896
11:34:08,25.8,48.7,1900-01-01 11:34:08,1,0,0.3865879413307462
11:34:10,25.9,25.6,1900-01-01 11:34:10,1,0,0.6201543083352956
11:34:12,25.8,47.9,1900-01-01 11:34:12,1,0,0.38311905884261244
11:34:14,25.7,47.7,1900-01-01 11:34:14,1,0,0.3840069031218605
11:34:16,25.7,47.6,1900-01-01 11:34:16,1,0,0.3849339048408961
11:34:18,25.7,47.1,1900-01-01 11:34:18,1,0,0.3814618023406722
11:34:20,25.6,46.9,1900-01-01 11:34:20,1,0,0.3933595761313478
11:34:22,25.6,46.5,1900-01-01 11:34:22,1,0,0.3919284329020589
11:34:24,25.6,46.3,1900-01-01 11:34:24,1,0,0.3916777069089908
11:34:26,25.6,46.1,1900-01-01 11:34:26,1,0,0.3915775789122858
11:34:28,25.5,46.1,1900-01-01 11:34:28,1,0,0.40165895262929124
11:34:30,25.5,46.0,1900-01-01 11:34:30,1,0,0.40102377781800325
11:34:32,25.5,46.1,1900-01-01 11:34:32,1,0,0.40165895262929124
11:34:34,25.5,46.0,1900-01-01 11:34:34,1,0,0.40102377781800325
11:34:36,25.5,46.2,1900-01-01 11:34:36,1,0,0.4015788312279718
11:34:38,25.4,46.0,1900-01-01 11:34:38,1,0,0.41088246091447334
11:34:40,25.4,46.1,1900-01-01 11:34:40,1,0,0.41167249316184057
11:34:42,25.4,46.1,1900-01-01 11:34:42,1,0,0.41167249316184057
11:34:44,25.3,46.1,1900-01-01 11:34:44,1,0,0.4105408919662211
11:34:46,25.3,46.2,1900-01-01 11:34:46,1,0,0.4105321767861277
11:34:48,25.3,46.5,1900-01-01 11:34:48,1,0,0.41017718290160565
11:34:50,25.3,46.7,1900-01-01 11:34:50,1,0,0.41003945446527523
11:34:52,25.3,47.0,1900-01-01 11:34:52,1,0,0.40915739793724554
11:34:54,25.3,47.0,1900-01-01 11:34:54,1,0,0.40915739793724554
11:34:56,25.3,47.3,1900-01-01 11:34:56,1,0,0.40936493790215855
11:34:58,25.3,47.5,1900-01-01 11:34:58,1,0,0.40630567135697265
11:35:00,25.3,47.6,1900-01-01 11:35:00,1,0,0.4068474158881233
11:35:02,25.1,30.8,1900-01-01 11:35:02,1,0,0.5906002184923933
11:35:04,25.3,48.4,1900-01-01 11:35:04,1,0,0.4060218387274979
11:35:06,25.3,58.8,1900-01-01 11:35:06,1,0,0.4138538288602033
11:35:08,25.2,59.2,1900-01-01 11:35:08,1,0,0.4171226345410173
11:35:10,25.3,48.2,1900-01-01 11:35:10,1,0,0.4054080738549669
11:35:12,25.2,48.0,1900-01-01 11:35:12,1,0,0.4074693418048261
11:35:14,25.3,48.1,1900-01-01 11:35:14,1,0,0.40425589648453386
11:35:16,25.3,48.3,1900-01-01 11:35:16,1,0,0.4037796872934488
11:35:18,25.3,48.3,1900-01-01 11:35:18,1,0,0.4037796872934488
11:35:20,25.3,48.4,1900-01-01 11:35:20,1,0,0.4060218387274979
11:35:22,25.3,48.4,1900-01-01 11:35:22,1,0,0.4060218387274979
11:35:24,25.3,48.2,1900-01-01 11:35:24,1,0,0.4054080738549669
11:35:26,25.3,48.3,1900-01-01 11:35:26,1,0,0.4037796872934488
11:35:28,25.3,48.3,1900-01-01 11:35:28,1,0,0.4037796872934488
11:35:30,25.3,48.1,1900-01-01 11:35:30,1,0,0.40425589648453386
11:35:32,25.3,48.0,1900-01-01 11:35:32,1,0,0.40425589648453386
11:35:34,25.3,47.9,1900-01-01 11:35:34,1,0,0.4050070744981116
11:35:36,25.3,47.8,1900-01-01 11:35:36,1,0,0.40603249481923354
11:35:38,25.3,47.7,1900-01-01 11:35:38,1,0,0.4057018979993028
11:35:40,25.3,47.9,1900-01-01 11:35:40,1,0,0.4050070744981116
11:35:42,25.2,47.6,1900-01-01 11:35:42,1,0,0.41104758759873194
11:35:44,25.2,47.5,1900-01-01 11:35:44,1,0,0.4117084510498311
11:35:46,25.2,47.5,1900-01-01 11:35:46,1,0,0.4117084510498311
11:35:48,25.2,47.5,1900-01-01 11:35:48,1,0,0.4117084510498311
11:35:50,25.2,47.4,1900-01-01 11:35:50,1,0,0.4122471680081013
11:35:52,25.2,47.1,1900-01-01 11:35:52,1,0,0.4140480686069648
11:35:54,25.2,47.1,1900-01-01 11:35:54,1,0,0.4140480686069648
11:35:56,25.2,47.0,1900-01-01 11:35:56,1,0,0.4153367598763717
11:35:58,25.1,47.7,1900-01-01 11:35:58,1,0,0.4128008156673553
11:36:00,25.2,48.0,1900-01-01 11:36:00,1,0,0.4074693418048261
11:36:02,25.2,48.1,1900-01-01 11:36:02,1,0,0.4074693418048261
11:36:04,30.5,36.5,1900-01-01 11:36:04,-1,1,0.7173482160922174
11:36:06,30.8,30.7,1900-01-01 11:36:06,-1,1,0.7369805473090736
11:36:08,25.1,48.7,1900-01-01 11:36:08,1,0,0.4100185515734041
11:36:10,25.1,48.9,1900-01-01 11:36:10,1,0,0.40847530066846044
11:36:12,25.1,49.1,1900-01-01 11:36:12,1,0,0.4090483260304119
11:36:14,25.1,49.0,1900-01-01 11:36:14,1,0,0.40854442967551546
11:36:16,25.1,49.0,1900-01-01 11:36:16,1,0,0.40854442967551546
11:36:18,25.1,49.0,1900-01-01 11:36:18,1,0,0.40854442967551546
11:36:20,25.1,49.1,1900-01-01 11:36:20,1,0,0.4090483260304119
11:36:22,25.1,49.1,1900-01-01 11:36:22,1,0,0.4090483260304119
11:36:24,25.1,49.1,1900-01-01 11:36:24,1,0,0.4090483260304119
11:36:26,25.1,49.2,1900-01-01 11:36:26,1,0,0.40890498084408416
11:36:28,25.2,49.4,1900-01-01 11:36:28,1,0,0.40501361676838166
11:36:30,25.2,49.4,1900-01-01 11:36:30,1,0,0.40501361676838166
11:36:32,25.1,49.2,1900-01-01 11:36:32,1,0,0.40890498084408416
11:36:34,25.1,48.9,1900-01-01 11:36:34,1,0,0.40847530066846044
11:36:36,25.1,48.4,1900-01-01 11:36:36,1,0,0.41336430549491093
11:36:38,25.2,48.5,1900-01-01 11:36:38,1,0,0.4084967780647073
11:36:40,25.2,48.4,1900-01-01 11:36:40,1,0,0.4094770270275812
11:36:42,25.2,48.3,1900-01-01 11:36:42,1,0,0.4072157952026196
11:36:44,25.1,48.0,1900-01-01 11:36:44,1,0,0.41133756076204786
11:36:46,25.2,47.9,1900-01-01 11:36:46,1,0,0.40822649096067637
11:36:48,25.2,47.6,1900-01-01 11:36:48,1,0,0.41104758759873194
11:36:50,25.2,47.6,1900-01-01 11:36:50,1,0,0.41104758759873194
11:36:52,25.2,47.6,1900-01-01 11:36:52,1,0,0.41104758759873194
11:36:54,25.2,47.7,1900-01-01 11:36:54,1,0,0.4087433026660498
11:36:56,25.2,47.7,1900-01-01 11:36:56,1,0,0.4087433026660498
11:36:58,25.2,47.5,1900-01-01 11:36:58,1,0,0.4117084510498311
11:37:00,25.2,52.5,1900-01-01 11:37:00,1,0,0.39204652964764763
11:37:02,25.2,68.3,1900-01-01 11:37:02,1,0,0.5030972642321025
11:37:04,25.3,75.2,1900-01-01 11:37:04,1,0,0.5521664037420543
11:37:06,25.4,77.7,1900-01-01 11:37:06,1,0,0.5645455549844961
11:37:08,25.4,85.1,1900-01-01 11:37:08,1,0,0.5951150315191412
11:37:10,25.5,90.1,1900-01-01 11:37:10,1,0,0.6066040220984256
11:37:12,25.6,92.4,1900-01-01 11:37:12,1,0,0.6107920549396092
11:37:14,25.6,95.1,1900-01-01 11:37:14,1,0,0.6229093546532365
11:37:16,25.7,93.7,1900-01-01 11:37:16,1,0,0.6134730416492089
11:37:18,25.8,92.3,1900-01-01 11:37:18,1,0,0.6024778301758557
11:37:20,25.9,91.5,1900-01-01 11:37:20,1,0,0.5992297158166952
11:37:22,25.9,87.2,1900-01-01 11:37:22,1,0,0.5845828540490872
11:37:24,25.9,82.0,1900-01-01 11:37:24,1,0,0.5714014319072777
11:37:26,26.0,75.1,1900-01-01 11:37:26,1,0,0.5303504576644106
11:37:28,25.9,70.4,1900-01-01 11:37:28,1,0,0.5019481101121287
11:37:30,25.9,66.2,1900-01-01 11:37:30,1,0,0.48223570009656097
11:37:32,25.9,62.6,1900-01-01 11:37:32,1,0,0.4484886120093633
11:37:34,25.9,59.6,1900-01-01 11:37:34,1,0,0.4296876841074673
11:37:36,25.9,56.8,1900-01-01 11:37:36,1,0,0.41462412012367966
11:37:38,25.9,54.8,1900-01-01 11:37:38,1,0,0.4096157804762772
11:37:40,25.9,53.6,1900-01-01 11:37:40,1,0,0.4058780544990547
11:37:42,25.9,52.8,1900-01-01 11:37:42,1,0,0.4026800828013896
11:37:44,25.9,51.9,1900-01-01 11:37:44,1,0,0.3971734409728497
11:37:46,25.9,51.2,1900-01-01 11:37:46,1,0,0.3948911074246456
11:37:48,25.9,50.8,1900-01-01 11:37:48,1,0,0.3963715535039316
11:37:50,25.9,49.9,1900-01-01 11:37:50,1,0,0.3934384428349522
11:37:52,25.9,49.1,1900-01-01 11:37:52,1,0,0.3909307972789329
11:37:54,25.9,48.7,1900-01-01 11:37:54,1,0,0.3901867025364356
11:37:56,25.8,48.4,1900-01-01 11:37:56,1,0,0.38547369216246824
11:37:58,25.8,48.5,1900-01-01 11:37:58,1,0,0.3867172308748927
11:38:00,25.8,48.4,1900-01-01 11:38:00,1,0,0.38547369216246824
11:38:02,25.8,48.7,1900-01-01 11:38:02,1,0,0.3865879413307462
11:38:04,25.8,49.4,1900-01-01 11:38:04,1,0,0.3871846954427463
11:38:06,25.8,50.0,1900-01-01 11:38:06,1,0,0.3880261215492719
11:38:08,25.8,49.3,1900-01-01 11:38:08,1,0,0.3887783952852448
11:38:10,25.8,49.2,1900-01-01 11:38:10,1,0,0.3873707895700433
11:38:12,25.8,49.2,1900-01-01 11:38:12,1,0,0.3873707895700433
11:38:14,25.8,48.8,1900-01-01 11:38:14,1,0,0.3853293991715032
11:38:16,10.7,90.0,1900-01-01 11:38:16,-1,1,0.7788018395784211
11:38:18,11.5,90.0,1900-01-01 11:38:18,-1,1,0.7735503583450182
11:38:20,25.8,48.7,1900-01-01 11:38:20,1,0,0.3865879413307462
11:38:22,25.7,48.7,1900-01-01 11:38:22,1,0,0.3868860708068494
11:38:24,25.7,48.6,1900-01-01 11:38:24,1,0,0.3871936134554571
11:38:26,25.8,48.9,1900-01-01 11:38:26,1,0,0.38517660688539673
11:38:28,25.8,48.8,1900-01-01 11:38:28,1,0,0.3853293991715032
11:38:30,25.7,48.5,1900-01-01 11:38:30,1,0,0.3875732105368394
11:38:32,25.7,48.6,1900-01-01 11:38:32,1,0,0.3871936134554571
11:38:34,25.7,48.5,1900-01-01 11:38:34,1,0,0.3875732105368394
11:38:36,25.7,48.1,1900-01-01 11:38:36,1,0,0.3840884661257168
11:38:38,25.7,48.2,1900-01-01 11:38:38,1,0,0.3838768915484907
11:38:40,25.7,48.3,1900-01-01 11:38:40,1,0,0.38392186042603405
11:38:42,25.7,48.9,1900-01-01 11:38:42,1,0,0.38626125953192586
11:38:44,25.7,48.9,1900-01-01 11:38:44,1,0,0.38626125953192586
11:38:46,25.7,49.1,1900-01-01 11:38:46,1,0,0.38766807829885
11:38:48,25.7,49.0,1900-01-01 11:38:48,1,0,0.38688487353687584
11:38:50,25.6,50.1,1900-01-01 11:38:50,1,0,0.39747072014806933
11:38:52,25.7,52.2,1900-01-01 11:38:52,1,0,0.3931545206638981
11:38:54,25.7,52.1,1900-01-01 11:38:54,1,0,0.3925075614697139
11:38:56,25.7,50.6,1900-01-01 11:38:56,1,0,0.38966794590213605
11:38:58,25.7,50.0,1900-01-01 11:38:58,1,0,0.3889160291665295
11:39:00,25.7,52.2,1900-01-01 11:39:00,1,0,0.3931545206638981
11:39:02,25.7,53.3,1900-01-01 11:39:02,1,0,0.3973885194705811
11:39:04,25.7,53.9,1900-01-01 11:39:04,1,0,0.39917036889407187
11:39:06,25.7,52.2,1900-01-01 11:39:06,1,0,0.3931545206638981
11:39:08,25.7,51.0,1900-01-01 11:39:08,1,0,0.390360331555663
11:39:10,25.7,53.4,1900-01-01 11:39:10,1,0,0.3977461987483615
11:39:12,25.7,56.4,1900-01-01 11:39:12,1,0,0.40651458203410823
11:39:14,25.8,58.2,1900-01-01 11:39:14,1,0,0.4130278877628036
11:39:16,25.8,60.2,1900-01-01 11:39:16,1,0,0.4308559816862491
11:39:18,25.9,75.0,1900-01-01 11:39:18,1,0,0.5304494085907702
11:39:20,25.8,63.1,1900-01-01 11:39:20,1,0,0.4474418253740139
11:39:22,25.8,63.3,1900-01-01 11:39:22,1,0,0.4490182475464129
11:39:24,25.9,63.5,1900-01-01 11:39:24,1,0,0.45271020635566633
11:39:26,25.9,63.8,1900-01-01 11:39:26,1,0,0.45463255507416106
11:39:28,26.0,63.9,1900-01-01 11:39:28,1,0,0.45068462304295054
11:39:30,26.0,63.9,1900-01-01 11:39:30,1,0,0.45068462304295054
11:39:32,26.0,63.9,1900-01-01 11:39:32,1,0,0.45068462304295054
11:39:34,26.1,63.9,1900-01-01 11:39:34,1,0,0.4525467279907107
11:39:36,26.1,64.2,1900-01-01 11:39:36,1,0,0.4558878169472961
11:39:38,26.1,64.3,1900-01-01 11:39:38,1,0,0.4558915848614624
11:39:40,26.1,64.1,1900-01-01 11:39:40,1,0,0.4539412141827456
11:39:42,26.1,64.0,1900-01-01 11:39:42,1,0,0.45326978310081856
11:39:44,26.2,63.7,1900-01-01 11:39:44,1,0,0.45182499316681585
11:39:46,26.2,63.3,1900-01-01 11:39:46,1,0,0.4506342106860646
11:39:48,26.2,63.4,1900-01-01 11:39:48,1,0,0.4520966962626704
11:39:50,26.2,63.1,1900-01-01 11:39:50,1,0,0.44890022959264997
11:39:52,26.3,62.8,1900-01-01 11:39:52,1,0,0.4543792225758013
11:39:54,26.3,62.7,1900-01-01 11:39:54,1,0,0.45461132211653044
11:39:56,26.3,62.6,1900-01-01 11:39:56,1,0,0.45248078298655
11:39:58,26.3,62.6,1900-01-01 11:39:58,1,0,0.45248078298655
11:40:00,26.3,62.0,1900-01-01 11:40:00,1,0,0.4445452697806703
11:40:02,26.3,61.8,1900-01-01 11:40:02,1,0,0.4456103984471589
11:40:04,26.4,61.5,1900-01-01 11:40:04,1,0,0.4502667661443247
11:40:06,26.4,62.0,1900-01-01 11:40:06,1,0,0.44817010390553497
11:40:08,26.4,61.9,1900-01-01 11:40:08,1,0,0.44924391765991023
11:40:10,26.4,61.7,1900-01-01 11:40:10,1,0,0.4494869191252327
11:40:12,26.4,61.2,1900-01-01 11:40:12,1,0,0.44885793569710736
11:40:14,26.4,61.3,1900-01-01 11:40:14,1,0,0.4475957086124794
11:40:16,26.5,61.1,1900-01-01 11:40:16,1,0,0.44800902240435003
11:40:18,26.5,61.2,1900-01-01 11:40:18,1,0,0.4491870111427049
11:40:20,26.5,61.1,1900-01-01 11:40:20,1,0,0.44800902240435003
11:40:22,26.5,61.1,1900-01-01 11:40:22,1,0,0.44800902240435003
11:40:24,26.6,60.9,1900-01-01 11:40:24,1,0,0.4524691457457469
11:40:26,26.6,60.0,1900-01-01 11:40:26,1,0,0.446917930973105
11:40:28,26.6,59.2,1900-01-01 11:40:28,1,0,0.44441384645529514
11:40:30,26.6,59.4,1900-01-01 11:40:30,1,0,0.4450966814976857
11:40:32,26.6,58.6,1900-01-01 11:40:32,1,0,0.4384122818887885
11:40:34,26.6,58.3,1900-01-01 11:40:34,1,0,0.4370891738185958
11:40:36,26.7,58.3,1900-01-01 11:40:36,1,0,0.43708147353358706
11:40:38,26.7,58.5,1900-01-01 11:40:38,1,0,0.43763271157384953
11:40:40,26.7,59.0,1900-01-01 11:40:40,1,0,0.4398348872353416
11:40:42,26.7,59.3,1900-01-01 11:40:42,1,0,0.4426376827040373
11:40:44,26.7,59.0,1900-01-01 11:40:44,1,0,0.4398348872353416
11:40:46,26.7,59.5,1900-01-01 11:40:46,1,0,0.44137490902800236
11:40:48,26.7,59.7,1900-01-01 11:40:48,1,0,0.4447748473693483
11:40:50,26.7,60.0,1900-01-01 11:40:50,1,0,0.44657488960523506
11:40:52,26.8,60.0,1900-01-01 11:40:52,1,0,0.4556301338074861
11:40:54,26.7,60.1,1900-01-01 11:40:54,1,0,0.4466966197740269
11:40:56,26.8,59.7,1900-01-01 11:40:56,1,0,0.45413258691624064
11:40:58,26.7,59.6,1900-01-01 11:40:58,1,0,0.4434062733977067
11:41:00,26.8,60.1,1900-01-01 11:41:00,1,0,0.4553635745043039
11:41:02,26.8,60.0,1900-01-01 11:41:02,1,0,0.4556301338074861
11:41:04,26.8,59.7,1900-01-01 11:41:04,1,0,0.45413258691624064
11:41:06,26.8,59.9,1900-01-01 11:41:06,1,0,0.4549052456947169
11:41:08,26.8,59.0,1900-01-01 11:41:08,1,0,0.4489593255893368
11:41:10,26.8,58.4,1900-01-01 11:41:10,1,0,0.4462111790439908
11:41:12,26.8,58.1,1900-01-01 11:41:12,1,0,0.4467477966873296
11:41:14,26.8,58.7,1900-01-01 11:41:14,1,0,0.4479713311738346
11:41:16,26.8,59.6,1900-01-01 11:41:16,1,0,0.45273521914285186
11:41:18,26.8,60.0,1900-01-01 11:41:18,1,0,0.4556301338074861
11:41:20,26.9,59.3,1900-01-01 11:41:20,1,0,0.46575004158093125
11:41:22,26.9,59.2,1900-01-01 11:41:22,1,0,0.46454500589509445
11:41:24,26.9,57.9,1900-01-01 11:41:24,1,0,0.46084825186684847
11:41:26,26.9,57.0,1900-01-01 11:41:26,1,0,0.46027107451331717
11:41:28,27.0,57.2,1900-01-01 11:41:28,1,0,0.4699312242515338
11:41:30,30.8,48.9,1900-01-01 11:41:30,-1,1,0.6644105028433477
11:41:32,27.0,57.4,1900-01-01 11:41:32,1,0,0.4704144878582114
11:41:34,27.0,57.7,1900-01-01 11:41:34,1,0,0.46907502091509057
11:41:36,27.0,57.8,1900-01-01 11:41:36,1,0,0.4696630487339105
11:41:38,27.0,58.1,1900-01-01 11:41:38,1,0,0.46812079726895245
11:41:40,27.0,57.0,1900-01-01 11:41:40,1,0,0.46904842699980076
11:41:42,27.0,56.0,1900-01-01 11:41:42,1,0,0.46975447066872167
11:41:44,27.0,55.1,1900-01-01 11:41:44,1,0,0.470388013904665
11:41:46,27.0,54.9,1900-01-01 11:41:46,1,0,0.4704070505308135
11:41:48,27.0,55.1,1900-01-01 11:41:48,1,0,0.470388013904665
11:41:50,27.1,55.2,1900-01-01 11:41:50,1,0,0.48227031621059124
11:41:52,27.1,55.4,1900-01-01 11:41:52,1,0,0.4832630547853968
11:41:54,27.1,55.8,1900-01-01 11:41:54,1,0,0.48163031379229715
11:41:56,27.0,55.9,1900-01-01 11:41:56,1,0,0.470231456838965
11:41:58,27.1,55.5,1900-01-01 11:41:58,1,0,0.4820857208767218
11:42:00,27.1,55.3,1900-01-01 11:42:00,1,0,0.48309156263061503
11:42:02,27.1,54.8,1900-01-01 11:42:02,1,0,0.48064472922051416
11:42:04,27.1,54.2,1900-01-01 11:42:04,1,0,0.4812653703500546
11:42:06,27.1,54.0,1900-01-01 11:42:06,1,0,0.47977431766354667
11:42:08,27.1,54.3,1900-01-01 11:42:08,1,0,0.4806428680444328
11:42:10,27.2,53.5,1900-01-01 11:42:10,1,0,0.48969538719724376
11:42:12,27.1,52.8,1900-01-01 11:42:12,1,0,0.4800796089031269
11:42:14,27.2,52.7,1900-01-01 11:42:14,1,0,0.48925335031424466
11:42:16,27.2,52.8,1900-01-01 11:42:16,1,0,0.49106064157530793
11:42:18,27.2,53.4,1900-01-01 11:42:18,1,0,0.4889447895632281
11:42:20,27.2,53.3,1900-01-01 11:42:20,1,0,0.48947560159781317
11:42:22,27.2,53.5,1900-01-01 11:42:22,1,0,0.48969538719724376
11:42:24,27.2,52.5,1900-01-01 11:42:24,1,0,0.4894151365387321
11:42:26,27.3,52.1,1900-01-01 11:42:26,1,0,0.5044117366983827
11:42:28,27.3,52.3,1900-01-01 11:42:28,1,0,0.5030285785047499
11:42:30,27.3,52.0,1900-01-01 11:42:30,1,0,0.5047531302546753
11:42:32,27.3,51.6,1900-01-01 11:42:32,1,0,0.5048674838272135
11:42:34,27.3,51.9,1900-01-01 11:42:34,1,0,0.5043311536578456
11:42:36,27.3,50.8,1900-01-01 11:42:36,1,0,0.5045057494964202
11:42:38,27.3,48.8,1900-01-01 11:42:38,1,0,0.5027069163728356
11:42:40,27.3,47.5,1900-01-01 11:42:40,1,0,0.49695511630019895
11:42:42,27.3,46.8,1900-01-01 11:42:42,1,0,0.49228716395581157
11:42:44,27.3,46.2,1900-01-01 11:42:44,1,0,0.4874658186203647
11:42:46,27.3,45.7,1900-01-01 11:42:46,1,0,0.4892332937220438
11:42:48,27.2,45.4,1900-01-01 11:42:48,1,0,0.4761987740268911
11:42:50,27.2,45.3,1900-01-01 11:42:50,1,0,0.4778886792278794
11:42:52,27.2,45.0,1900-01-01 11:42:52,1,0,0.47926702574341035
11:42:54,27.1,44.9,1900-01-01 11:42:54,1,0,0.4672613920977506
11:42:56,27.1,44.9,1900-01-01 11:42:56,1,0,0.4672613920977506
11:42:58,27.0,44.9,1900-01-01 11:42:58,1,0,0.4536856430966149
11:43:00,27.0,44.9,1900-01-01 11:43:00,1,0,0.4536856430966149
11:43:02,27.0,44.7,1900-01-01 11:43:02,1,0,0.45356557801774333
11:43:04,27.0,44.6,1900-01-01 11:43:04,1,0,0.45447662811081224
11:43:06,26.9,44.5,1900-01-01 11:43:06,1,0,0.44577918888768636
11:43:08,26.9,44.3,1900-01-01 11:43:08,1,0,0.4495940581467221
11:43:10,26.8,44.4,1900-01-01 11:43:10,1,0,0.4261038157562406
11:43:12,26.8,44.3,1900-01-01 11:43:12,1,0,0.42779586655057267
11:43:14,26.8,44.5,1900-01-01 11:43:14,1,0,0.4242127468211285
11:43:16,26.7,44.7,1900-01-01 11:43:16,1,0,0.405580125757941
11:43:18,26.7,44.5,1900-01-01 11:43:18,1,0,0.40758815481635746
11:43:20,26.6,44.7,1900-01-01 11:43:20,1,0,0.3971218081712513
11:43:22,26.6,44.8,1900-01-01 11:43:22,1,0,0.39598990664254147
11:43:24,26.6,44.6,1900-01-01 11:43:24,1,0,0.39837701288068045
11:43:26,26.6,44.7,1900-01-01 11:43:26,1,0,0.3971218081712513
11:43:28,26.6,44.5,1900-01-01 11:43:28,1,0,0.39900522110177494
11:43:30,26.5,44.3,1900-01-01 11:43:30,1,0,0.38813409122782705
11:43:32,26.5,44.2,1900-01-01 11:43:32,1,0,0.39030934318213967
11:43:34,26.5,44.1,1900-01-01 11:43:34,1,0,0.3917555467972926
11:43:36,26.5,44.0,1900-01-01 11:43:36,1,0,0.39240913624725215
11:43:38,26.5,44.2,1900-01-01 11:43:38,1,0,0.39030934318213967
11:43:40,26.4,44.1,1900-01-01 11:43:40,1,0,0.389243080624371
11:43:42,26.4,44.1,1900-01-01 11:43:42,1,0,0.389243080624371
11:43:44,26.4,44.2,1900-01-01 11:43:44,1,0,0.38793736638278176
11:43:46,26.3,44.2,1900-01-01 11:43:46,1,0,0.3894698871692656
11:43:48,11.8,90.0,1900-01-01 11:43:48,-1,1,0.7727656962014056
11:43:50,26.3,44.1,1900-01-01 11:43:50,1,0,0.3909129803686886
11:43:52,26.3,44.3,1900-01-01 11:43:52,1,0,0.3872993136280232
11:43:54,26.3,44.2,1900-01-01 11:43:54,1,0,0.3894698871692656
11:43:56,26.3,44.2,1900-01-01 11:43:56,1,0,0.3894698871692656
11:43:58,26.2,44.2,1900-01-01 11:43:58,1,0,0.37744529006781274
11:44:00,26.2,44.2,1900-01-01 11:44:00,1,0,0.37744529006781274
11:44:02,26.2,44.0,1900-01-01 11:44:02,1,0,0.38024246060124456
11:44:04,26.2,44.0,1900-01-01 11:44:04,1,0,0.38024246060124456
11:44:06,26.1,44.0,1900-01-01 11:44:06,1,0,0.37224658604139377
11:44:08,26.1,44.0,1900-01-01 11:44:08,1,0,0.37224658604139377
11:44:10,26.1,44.3,1900-01-01 11:44:10,1,0,0.3666076661971663
11:44:12,26.1,44.3,1900-01-01 11:44:12,1,0,0.3666076661971663
11:44:14,26.1,44.4,1900-01-01 11:44:14,1,0,0.3668980311400492
11:44:16,26.1,44.6,1900-01-01 11:44:16,1,0,0.36597833389746126
11:44:18,26.0,44.8,1900-01-01 11:44:18,1,0,0.36624563385197806
11:44:20,26.0,44.8,1900-01-01 11:44:20,1,0,0.36624563385197806
11:44:22,26.0,44.8,1900-01-01 11:44:22,1,0,0.36624563385197806
11:44:24,26.0,45.0,1900-01-01 11:44:24,1,0,0.3667689731797027
11:44:26,26.0,44.8,1900-01-01 11:44:26,1,0,0.36624563385197806
11:44:28,26.0,44.7,1900-01-01 11:44:28,1,0,0.3660496938257162
11:44:30,26.0,44.5,1900-01-01 11:44:30,1,0,0.36567421983098847
11:44:32,26.0,44.3,1900-01-01 11:44:32,1,0,0.3663994207958453
11:44:34,26.0,44.3,1900-01-01 11:44:34,1,0,0.3663994207958453
11:44:36,22.4,52.6,1900-01-01 11:44:36,1,0,0.5577052807353643
11:44:38,25.9,44.4,1900-01-01 11:44:38,1,0,0.368022942712909
11:44:40,25.9,44.4,1900-01-01 11:44:40,1,0,0.368022942712909
11:44:42,25.9,44.5,1900-01-01 11:44:42,1,0,0.366778136543235
11:44:44,25.9,44.6,1900-01-01 11:44:44,1,0,0.3663035251756155
11:44:46,25.9,44.4,1900-01-01 11:44:46,1,0,0.368022942712909
11:44:48,25.9,44.7,1900-01-01 11:44:48,1,0,0.3678327994518612
11:44:50,25.9,44.5,1900-01-01 11:44:50,1,0,0.366778136543235
11:44:52,25.9,45.0,1900-01-01 11:44:52,1,0,0.3671492938948059
11:44:54,25.9,44.8,1900-01-01 11:44:54,1,0,0.36710073790982367
11:44:56,25.9,44.6,1900-01-01 11:44:56,1,0,0.3663035251756155
11:44:58,25.9,44.6,1900-01-01 11:44:58,1,0,0.3663035251756155
11:45:00,25.9,44.5,1900-01-01 11:45:00,1,0,0.366778136543235
11:45:02,25.9,44.6,1900-01-01 11:45:02,1,0,0.3663035251756155
11:45:04,25.8,44.5,1900-01-01 11:45:04,1,0,0.3697457285131508
11:45:06,25.8,44.6,1900-01-01 11:45:06,1,0,0.3689903733561302
11:45:08,25.8,44.6,1900-01-01 11:45:08,1,0,0.3689903733561302
11:45:10,25.8,44.8,1900-01-01 11:45:10,1,0,0.3700349047357658
11:45:12,25.8,44.6,1900-01-01 11:45:12,1,0,0.3689903733561302
11:45:14,25.8,44.7,1900-01-01 11:45:14,1,0,0.37009686396140795
11:45:16,25.8,44.7,1900-01-01 11:45:16,1,0,0.37009686396140795
11:45:18,25.8,44.7,1900-01-01 11:45:18,1,0,0.37009686396140795
11:45:20,25.8,44.7,1900-01-01 11:45:20,1,0,0.37009686396140795
11:45:22,25.8,44.7,1900-01-01 11:45:22,1,0,0.37009686396140795
11:45:24,25.8,44.7,1900-01-01 11:45:24,1,0,0.37009686396140795
11:45:26,25.8,44.7,1900-01-01 11:45:26,1,0,0.37009686396140795
11:45:28,25.8,44.7,1900-01-01 11:45:28,1,0,0.37009686396140795
11:45:30,25.8,44.7,1900-01-01 11:45:30,1,0,0.37009686396140795
11:45:32,25.7,44.6,1900-01-01 11:45:32,1,0,0.38033015512549995
11:45:34,25.7,44.5,1900-01-01 11:45:34,1,0,0.38127784712319923
11:45:36,25.7,44.5,1900-01-01 11:45:36,1,0,0.38127784712319923
11:45:38,25.7,44.3,1900-01-01 11:45:38,1,0,0.3829475598131732
11:45:40,25.7,44.3,1900-01-01 11:45:40,1,0,0.3829475598131732
11:45:42,25.7,44.4,1900-01-01 11:45:42,1,0,0.3821377446417908
11:45:44,25.7,44.4,1900-01-01 11:45:44,1,0,0.3821377446417908
11:45:46,25.7,44.4,1900-01-01 11:45:46,1,0,0.3821377446417908
11:45:48,25.7,44.4,1900-01-01 11:45:48,1,0,0.3821377446417908
11:45:50,25.7,44.4,1900-01-01 11:45:50,1,0,0.3821377446417908
11:45:52,25.7,44.4,1900-01-01 11:45:52,1,0,0.3821377446417908
11:45:54,25.7,44.4,1900-01-01 11:45:54,1,0,0.3821377446417908
11:45:56,25.7,44.4,1900-01-01 11:45:56,1,0,0.3821377446417908
11:45:58,25.7,44.4,1900-01-01 11:45:58,1,0,0.3821377446417908
11:46:00,25.7,44.5,1900-01-01 11:46:00,1,0,0.38127784712319923
11:46:02,25.7,44.3,1900-01-01 11:46:02,1,0,0.3829475598131732
11:46:04,25.7,44.4,1900-01-01 11:46:04,1,0,0.3821377446417908
11:46:06,25.7,44.2,1900-01-01 11:46:06,1,0,0.38508857512725697
11:46:08,25.7,44.3,1900-01-01 11:46:08,1,0,0.3829475598131732
11:46:10,25.7,44.3,1900-01-01 11:46:10,1,0,0.3829475598131732
11:46:12,25.7,44.4,1900-01-01 11:46:12,1,0,0.3821377446417908
11:46:14,25.7,44.6,1900-01-01 11:46:14,1,0,0.38033015512549995
11:46:16,25.7,44.8,1900-01-01 11:46:16,1,0,0.3800504922490708
11:46:18,25.7,45.1,1900-01-01 11:46:18,1,0,0.3809787764835809
11:46:20,25.7,45.3,1900-01-01 11:46:20,1,0,0.3795134877288712
11:46:22,25.7,45.4,1900-01-01 11:46:22,1,0,0.3795224050843503
11:46:24,25.7,45.2,1900-01-01 11:46:24,1,0,0.3808580715889035
11:46:26,25.7,45.0,1900-01-01 11:46:26,1,0,0.3796713697623742
11:46:28,25.8,45.1,1900-01-01 11:46:28,1,0,0.3709963107669776
11:46:30,25.8,45.1,1900-01-01 11:46:30,1,0,0.3709963107669776
11:46:32,25.7,44.9,1900-01-01 11:46:32,1,0,0.37992109770710353
11:46:34,25.7,45.0,1900-01-01 11:46:34,1,0,0.3796713697623742
11:46:36,25.8,45.2,1900-01-01 11:46:36,1,0,0.3711856084949801
11:46:38,25.8,45.3,1900-01-01 11:46:38,1,0,0.3705646475738534
11:46:40,25.8,45.4,1900-01-01 11:46:40,1,0,0.3712378987104867
11:46:42,25.8,45.4,1900-01-01 11:46:42,1,0,0.3712378987104867
11:46:44,25.8,45.4,1900-01-01 11:46:44,1,0,0.3712378987104867
11:46:46,25.8,45.4,1900-01-01 11:46:46,1,0,0.3712378987104867
11:46:48,25.8,45.4,1900-01-01 11:46:48,1,0,0.3712378987104867
11:46:50,25.8,45.4,1900-01-01 11:46:50,1,0,0.3712378987104867
11:46:52,25.9,45.0,1900-01-01 11:46:52,1,0,0.3671492938948059
11:46:54,25.9,45.0,1900-01-01 11:46:54,1,0,0.3671492938948059
11:46:56,25.9,44.7,1900-01-01 11:46:56,1,0,0.3678327994518612
11:46:58,25.9,44.7,1900-01-01 11:46:58,1,0,0.3678327994518612
11:47:00,25.9,44.7,1900-01-01 11:47:00,1,0,0.3678327994518612
11:47:02,26.0,44.8,1900-01-01 11:47:02,1,0,0.36624563385197806
11:47:04,25.9,44.6,1900-01-01 11:47:04,1,0,0.3663035251756155
11:47:06,26.0,44.5,1900-01-01 11:47:06,1,0,0.36567421983098847
11:47:08,26.0,44.5,1900-01-01 11:47:08,1,0,0.36567421983098847
11:47:10,26.0,44.5,1900-01-01 11:47:10,1,0,0.36567421983098847
11:47:12,26.0,44.5,1900-01-01 11:47:12,1,0,0.36567421983098847
11:47:14,26.0,44.3,1900-01-01 11:47:14,1,0,0.3663994207958453
11:47:16,26.0,44.2,1900-01-01 11:47:16,1,0,0.3689923189208154
11:47:18,26.0,44.0,1900-01-01 11:47:18,1,0,0.3725505790511236
11:47:20,26.0,44.0,1900-01-01 11:47:20,1,0,0.3725505790511236
11:47:22,26.0,44.5,1900-01-01 11:47:22,1,0,0.36567421983098847
11:47:24,26.1,44.6,1900-01-01 11:47:24,1,0,0.36597833389746126
11:47:26,26.0,44.7,1900-01-01 11:47:26,1,0,0.3660496938257162
11:47:28,26.1,44.6,1900-01-01 11:47:28,1,0,0.36597833389746126
11:47:30,26.1,44.5,1900-01-01 11:47:30,1,0,0.36628233635679347
11:47:32,26.1,44.5,1900-01-01 11:47:32,1,0,0.36628233635679347
11:47:34,26.1,44.5,1900-01-01 11:47:34,1,0,0.36628233635679347
11:47:36,26.1,44.7,1900-01-01 11:47:36,1,0,0.367864249125512
11:47:38,26.1,44.8,1900-01-01 11:47:38,1,0,0.3686664350291597
11:47:40,26.1,44.7,1900-01-01 11:47:40,1,0,0.367864249125512
11:47:42,26.1,44.8,1900-01-01 11:47:42,1,0,0.3686664350291597
11:47:44,26.0,74.2,1900-01-01 11:47:44,1,0,0.5220098463093192
11:47:46,26.1,44.8,1900-01-01 11:47:46,1,0,0.3686664350291597
11:47:48,26.1,44.7,1900-01-01 11:47:48,1,0,0.367864249125512
11:47:50,26.1,44.7,1900-01-01 11:47:50,1,0,0.367864249125512
11:47:52,26.1,44.6,1900-01-01 11:47:52,1,0,0.36597833389746126
11:47:54,26.1,44.5,1900-01-01 11:47:54,1,0,0.36628233635679347
11:47:56,26.1,44.4,1900-01-01 11:47:56,1,0,0.3668980311400492
11:47:58,26.1,44.5,1900-01-01 11:47:58,1,0,0.36628233635679347
11:48:00,26.1,44.5,1900-01-01 11:48:00,1,0,0.36628233635679347
11:48:02,28.0,78.6,1900-01-01 11:48:02,-1,1,0.6371260256747814
11:48:04,27.2,63.3,1900-01-01 11:48:04,1,0,0.5229465211487173
11:48:06,26.7,55.6,1900-01-01 11:48:06,1,0,0.4379171738950254
11:48:08,26.4,50.8,1900-01-01 11:48:08,1,0,0.4160920777004319
11:48:10,26.2,48.9,1900-01-01 11:48:10,1,0,0.3957361068229215
11:48:12,26.1,47.0,1900-01-01 11:48:12,1,0,0.3803831233286726
11:48:14,26.1,45.3,1900-01-01 11:48:14,1,0,0.370660700592675
11:48:16,26.1,44.1,1900-01-01 11:48:16,1,0,0.37082771400043985
11:48:18,26.1,44.0,1900-01-01 11:48:18,1,0,0.37224658604139377
11:48:20,26.1,43.9,1900-01-01 11:48:20,1,0,0.3735707934358807
11:48:22,26.1,44.0,1900-01-01 11:48:22,1,0,0.37224658604139377
11:48:24,26.1,44.0,1900-01-01 11:48:24,1,0,0.37224658604139377
11:48:26,26.1,44.1,1900-01-01 11:48:26,1,0,0.37082771400043985
11:48:28,26.1,44.2,1900-01-01 11:48:28,1,0,0.36882016937130235
11:48:30,26.1,44.3,1900-01-01 11:48:30,1,0,0.3666076661971663
11:48:32,26.1,44.1,1900-01-01 11:48:32,1,0,0.37082771400043985
11:48:34,26.1,43.9,1900-01-01 11:48:34,1,0,0.3735707934358807
11:48:36,26.1,44.0,1900-01-01 11:48:36,1,0,0.37224658604139377
11:48:38,28.5,86.3,1900-01-01 11:48:38,-1,1,0.670856572412912
11:48:40,27.2,63.4,1900-01-01 11:48:40,1,0,0.5232533765833697
11:48:42,26.5,51.9,1900-01-01 11:48:42,1,0,0.4208410828097725
11:48:44,26.3,47.7,1900-01-01 11:48:44,1,0,0.39791846323776714
11:48:46,26.1,44.3,1900-01-01 11:48:46,1,0,0.3666076661971663
11:48:48,26.2,35.3,1900-01-01 11:48:48,1,0,0.526889743578855
11:48:50,26.1,43.9,1900-01-01 11:48:50,1,0,0.3735707934358807
11:48:52,26.1,43.9,1900-01-01 11:48:52,1,0,0.3735707934358807
11:48:54,26.1,43.9,1900-01-01 11:48:54,1,0,0.3735707934358807
11:48:56,26.1,43.9,1900-01-01 11:48:56,1,0,0.3735707934358807
11:48:58,26.1,43.9,1900-01-01 11:48:58,1,0,0.3735707934358807
11:49:00,26.1,44.0,1900-01-01 11:49:00,1,0,0.37224658604139377
11:49:02,26.1,44.0,1900-01-01 11:49:02,1,0,0.37224658604139377
11:49:04,26.1,44.1,1900-01-01 11:49:04,1,0,0.37082771400043985
11:49:06,26.1,44.3,1900-01-01 11:49:06,1,0,0.3666076661971663
11:49:08,26.1,44.4,1900-01-01 11:49:08,1,0,0.3668980311400492
11:49:10,26.1,44.5,1900-01-01 11:49:10,1,0,0.36628233635679347
11:49:12,26.1,44.5,1900-01-01 11:49:12,1,0,0.36628233635679347
11:49:14,26.1,44.6,1900-01-01 11:49:14,1,0,0.36597833389746126
11:49:16,26.1,44.6,1900-01-01 11:49:16,1,0,0.36597833389746126
11:49:18,26.1,44.6,1900-01-01 11:49:18,1,0,0.36597833389746126
11:49:20,26.1,44.6,1900-01-01 11:49:20,1,0,0.36597833389746126
11:49:22,26.1,44.6,1900-01-01 11:49:22,1,0,0.36597833389746126
11:49:24,26.1,44.6,1900-01-01 11:49:24,1,0,0.36597833389746126
11:49:26,26.1,44.6,1900-01-01 11:49:26,1,0,0.36597833389746126
11:49:28,26.1,44.1,1900-01-01 11:49:28,1,0,0.37082771400043985
11:49:30,26.1,44.1,1900-01-01 11:49:30,1,0,0.37082771400043985
11:49:32,14.0,68.6,1900-01-01 11:49:32,-1,1,0.7321969154773343
11:49:34,26.1,44.0,1900-01-01 11:49:34,1,0,0.37224658604139377
11:49:36,26.1,44.0,1900-01-01 11:49:36,1,0,0.37224658604139377
11:49:38,26.1,44.0,1900-01-01 11:49:38,1,0,0.37224658604139377
11:49:40,26.1,43.8,1900-01-01 11:49:40,1,0,0.37544152936802094
11:49:42,26.1,43.7,1900-01-01 11:49:42,1,0,0.37907175587734754
11:49:44,26.2,43.8,1900-01-01 11:49:44,1,0,0.38357410243113294
11:49:46,26.1,43.8,1900-01-01 11:49:46,1,0,0.37544152936802094
11:49:48,26.1,43.7,1900-01-01 11:49:48,1,0,0.37907175587734754
11:49:50,26.1,44.2,1900-01-01 11:49:50,1,0,0.36882016937130235
11:49:52,26.2,45.5,1900-01-01 11:49:52,1,0,0.37874580433678023
11:49:54,26.2,47.0,1900-01-01 11:49:54,1,0,0.3833159457940149
11:49:56,26.0,49.2,1900-01-01 11:49:56,1,0,0.39174230084926054
11:49:58,26.3,51.3,1900-01-01 11:49:58,1,0,0.4139634641522407
11:50:00,26.2,52.0,1900-01-01 11:50:00,1,0,0.4098690358883206
11:50:02,26.2,53.1,1900-01-01 11:50:02,1,0,0.4122952673568785
11:50:04,26.2,54.5,1900-01-01 11:50:04,1,0,0.4157166563367697
11:50:06,26.1,55.4,1900-01-01 11:50:06,1,0,0.42133710022249554
11:50:08,26.2,56.3,1900-01-01 11:50:08,1,0,0.41902697290720486
11:50:10,26.1,57.3,1900-01-01 11:50:10,1,0,0.4216382395114286
11:50:12,26.2,58.0,1900-01-01 11:50:12,1,0,0.42245749574563685
11:50:14,26.1,57.5,1900-01-01 11:50:14,1,0,0.4227393807623008
11:50:16,26.2,57.0,1900-01-01 11:50:16,1,0,0.4197739720279643
11:50:18,25.9,57.6,1900-01-01 11:50:18,1,0,0.4170543523103337
11:50:20,26.2,56.7,1900-01-01 11:50:20,1,0,0.41885329465678306
11:50:22,26.3,56.4,1900-01-01 11:50:22,1,0,0.4276841387466992
11:50:24,26.3,55.0,1900-01-01 11:50:24,1,0,0.4293980692858154
11:50:26,26.3,52.8,1900-01-01 11:50:26,1,0,0.42165016201404937
11:50:28,26.3,52.2,1900-01-01 11:50:28,1,0,0.41928768126985516
11:50:30,26.2,50.2,1900-01-01 11:50:30,1,0,0.40469488318474306
11:50:32,26.2,48.7,1900-01-01 11:50:32,1,0,0.39599748035372545
11:50:34,26.4,47.1,1900-01-01 11:50:34,1,0,0.3888206428098472
11:50:36,26.1,45.7,1900-01-01 11:50:36,1,0,0.37099683917435905
11:50:38,26.2,44.2,1900-01-01 11:50:38,1,0,0.37744529006781274
11:50:40,26.2,44.3,1900-01-01 11:50:40,1,0,0.3751141830728386
11:50:42,26.2,44.3,1900-01-01 11:50:42,1,0,0.3751141830728386
11:50:44,26.2,44.2,1900-01-01 11:50:44,1,0,0.37744529006781274
11:50:46,26.2,44.0,1900-01-01 11:50:46,1,0,0.38024246060124456
11:50:48,26.2,43.8,1900-01-01 11:50:48,1,0,0.38357410243113294
11:50:50,26.2,43.8,1900-01-01 11:50:50,1,0,0.38357410243113294
11:50:52,26.2,44.0,1900-01-01 11:50:52,1,0,0.38024246060124456
11:50:54,26.2,44.0,1900-01-01 11:50:54,1,0,0.38024246060124456
11:50:56,6.7,90.0,1900-01-01 11:50:56,-1,1,0.7902135626033302
11:50:58,6.1,90.0,1900-01-01 11:50:58,-1,1,0.7904809316665634
11:51:00,26.2,44.0,1900-01-01 11:51:00,1,0,0.38024246060124456
11:51:02,26.2,44.0,1900-01-01 11:51:02,1,0,0.38024246060124456
11:51:04,26.2,44.0,1900-01-01 11:51:04,1,0,0.38024246060124456
11:51:06,26.2,44.0,1900-01-01 11:51:06,1,0,0.38024246060124456
11:51:08,26.2,43.9,1900-01-01 11:51:08,1,0,0.38159511203421176
11:51:10,26.2,43.7,1900-01-01 11:51:10,1,0,0.3883754686342897
11:51:12,26.2,43.6,1900-01-01 11:51:12,1,0,0.39364455277872795
11:51:14,26.2,43.6,1900-01-01 11:51:14,1,0,0.39364455277872795
11:51:16,26.2,43.6,1900-01-01 11:51:16,1,0,0.39364455277872795
11:51:18,26.2,43.8,1900-01-01 11:51:18,1,0,0.38357410243113294
11:51:20,26.2,43.9,1900-01-01 11:51:20,1,0,0.38159511203421176
11:51:22,26.1,43.9,1900-01-01 11:51:22,1,0,0.3735707934358807
11:51:24,26.1,43.9,1900-01-01 11:51:24,1,0,0.3735707934358807
11:51:26,26.1,43.7,1900-01-01 11:51:26,1,0,0.37907175587734754
11:51:28,26.1,43.6,1900-01-01 11:51:28,1,0,0.3848444955011073
11:51:30,26.1,43.6,1900-01-01 11:51:30,1,0,0.3848444955011073
11:51:32,26.1,43.8,1900-01-01 11:51:32,1,0,0.37544152936802094
11:51:34,26.1,43.8,1900-01-01 11:51:34,1,0,0.37544152936802094
11:51:36,26.1,44.2,1900-01-01 11:51:36,1,0,0.36882016937130235
11:51:38,26.1,44.1,1900-01-01 11:51:38,1,0,0.37082771400043985
11:51:40,26.1,44.3,1900-01-01 11:51:40,1,0,0.3666076661971663
11:51:42,26.1,44.2,1900-01-01 11:51:42,1,0,0.36882016937130235
11:51:44,26.0,44.2,1900-01-01 11:51:44,1,0,0.3689923189208154
11:51:46,26.0,44.1,1900-01-01 11:51:46,1,0,0.37139276166796525
11:51:48,26.0,44.3,1900-01-01 11:51:48,1,0,0.3663994207958453
11:51:50,26.0,43.9,1900-01-01 11:51:50,1,0,0.373633860010575
11:51:52,26.0,43.8,1900-01-01 11:51:52,1,0,0.3755764532468079
11:51:54,26.0,44.1,1900-01-01 11:51:54,1,0,0.37139276166796525
11:51:56,26.0,44.2,1900-01-01 11:51:56,1,0,0.3689923189208154
11:51:58,25.9,44.3,1900-01-01 11:51:58,1,0,0.36906128425543744
11:52:00,25.9,44.4,1900-01-01 11:52:00,1,0,0.368022942712909
11:52:02,25.9,44.3,1900-01-01 11:52:02,1,0,0.36906128425543744
11:52:04,25.9,44.2,1900-01-01 11:52:04,1,0,0.37286740085101705
11:52:06,25.9,44.2,1900-01-01 11:52:06,1,0,0.37286740085101705
11:52:08,25.9,44.0,1900-01-01 11:52:08,1,0,0.3762272922861892
11:52:10,25.9,44.1,1900-01-01 11:52:10,1,0,0.3749048862242902
11:52:12,25.8,44.2,1900-01-01 11:52:12,1,0,0.37418629338857434
11:52:14,25.9,44.2,1900-01-01 11:52:14,1,0,0.37286740085101705
11:52:16,25.9,83.2,1900-01-01 11:52:16,1,0,0.578574442794977
11:52:18,25.8,44.1,1900-01-01 11:52:18,1,0,0.37639992188779703
11:52:20,18.5,67.0,1900-01-01 11:52:20,-1,1,0.6777746685672261
11:52:22,18.1,60.7,1900-01-01 11:52:22,-1,1,0.6407575036903927
11:52:24,25.7,44.5,1900-01-01 11:52:24,1,0,0.38127784712319923
11:52:26,25.8,45.0,1900-01-01 11:52:26,1,0,0.3699733951959897
11:52:28,25.7,45.1,1900-01-01 11:52:28,1,0,0.3809787764835809
11:52:30,25.7,45.1,1900-01-01 11:52:30,1,0,0.3809787764835809
11:52:32,25.8,45.2,1900-01-01 11:52:32,1,0,0.3711856084949801
11:52:34,25.7,45.1,1900-01-01 11:52:34,1,0,0.3809787764835809
11:52:36,25.7,45.0,1900-01-01 11:52:36,1,0,0.3796713697623742
11:52:38,25.7,45.3,1900-01-01 11:52:38,1,0,0.3795134877288712
11:52:40,25.7,45.4,1900-01-01 11:52:40,1,0,0.3795224050843503
11:52:42,25.7,45.5,1900-01-01 11:52:42,1,0,0.37976689878569225
11:52:44,25.7,45.4,1900-01-01 11:52:44,1,0,0.3795224050843503
11:52:46,25.7,45.6,1900-01-01 11:52:46,1,0,0.37863718838617744
11:52:48,25.7,45.5,1900-01-01 11:52:48,1,0,0.37976689878569225
11:52:50,25.7,45.3,1900-01-01 11:52:50,1,0,0.3795134877288712
11:52:52,25.7,45.1,1900-01-01 11:52:52,1,0,0.3809787764835809
11:52:54,25.7,45.0,1900-01-01 11:52:54,1,0,0.3796713697623742
11:52:56,25.7,44.9,1900-01-01 11:52:56,1,0,0.37992109770710353
11:52:58,25.7,45.0,1900-01-01 11:52:58,1,0,0.3796713697623742
11:53:00,25.7,44.9,1900-01-01 11:53:00,1,0,0.37992109770710353
11:53:02,25.7,46.7,1900-01-01 11:53:02,1,0,0.37886851327674764
11:53:04,25.7,53.1,1900-01-01 11:53:04,1,0,0.39734216058418076
11:53:06,25.7,60.2,1900-01-01 11:53:06,1,0,0.43161390925287324
11:53:08,25.8,60.2,1900-01-01 11:53:08,1,0,0.4308559816862491
11:53:10,25.9,64.9,1900-01-01 11:53:10,1,0,0.4633924514123931
11:53:12,26.1,62.1,1900-01-01 11:53:12,1,0,0.4422850664051457
11:53:14,26.3,75.1,1900-01-01 11:53:14,1,0,0.5408654494373709
11:53:16,26.4,71.3,1900-01-01 11:53:16,1,0,0.5149029697256071
11:53:18,26.6,68.3,1900-01-01 11:53:18,1,0,0.5054472313231343
11:53:20,26.7,75.9,1900-01-01 11:53:20,1,0,0.56153105421046
11:53:22,26.9,75.9,1900-01-01 11:53:22,1,0,0.5805326919737409
11:53:24,27.0,68.8,1900-01-01 11:53:24,1,0,0.5398526916489552
11:53:26,27.2,69.9,1900-01-01 11:53:26,1,0,0.558307448585272
11:53:28,27.4,64.3,1900-01-01 11:53:28,1,0,0.5465109181257799
11:53:30,27.5,59.7,1900-01-01 11:53:30,1,0,0.5303260579753082
11:53:32,27.5,57.0,1900-01-01 11:53:32,1,0,0.5295564207276178
11:53:34,27.6,58.6,1900-01-01 11:53:34,1,0,0.5372116105610147
11:53:36,27.6,56.8,1900-01-01 11:53:36,1,0,0.5425699198031527
11:53:38,22.5,72.4,1900-01-01 11:53:38,1,0,0.6284781357236797
11:53:40,27.7,68.8,1900-01-01 11:53:40,1,0,0.5871284257585466
11:53:42,27.8,73.1,1900-01-01 11:53:42,1,0,0.6074836158115788
11:53:44,27.9,74.7,1900-01-01 11:53:44,1,0,0.6260073210401184
11:53:46,27.9,67.9,1900-01-01 11:53:46,1,0,0.5956204050331614
11:53:48,28.0,64.1,1900-01-01 11:53:48,1,0,0.5861427920165481
11:53:50,28.0,59.8,1900-01-01 11:53:50,1,0,0.5688769496817639
11:53:52,28.0,56.0,1900-01-01 11:53:52,1,0,0.5718809700174334
11:53:54,27.9,53.9,1900-01-01 11:53:54,1,0,0.5642420006317361
11:53:56,29.1,74.1,1900-01-01 11:53:56,-1,1,0.6581347321216979
11:53:58,28.8,66.1,1900-01-01 11:53:58,1,0,0.6293998704094268
11:54:00,28.3,61.2,1900-01-01 11:54:00,1,0,0.5946947142119291
11:54:02,28.2,54.7,1900-01-01 11:54:02,1,0,0.5892899288445362
11:54:04,28.0,53.0,1900-01-01 11:54:04,1,0,0.5733314760041888
11:54:06,27.9,51.4,1900-01-01 11:54:06,1,0,0.5680791016104166
11:54:08,28.0,49.1,1900-01-01 11:54:08,1,0,0.5748167972436016
11:54:10,27.6,46.7,1900-01-01 11:54:10,1,0,0.5318368292426272
11:54:12,27.8,45.4,1900-01-01 11:54:12,1,0,0.5582143867315887
11:54:14,27.7,44.1,1900-01-01 11:54:14,1,0,0.5440048020539702
11:54:16,27.7,43.9,1900-01-01 11:54:16,1,0,0.5463557563485819
11:54:18,27.6,43.7,1900-01-01 11:54:18,1,0,0.5465833333132213
11:54:20,27.6,43.5,1900-01-01 11:54:20,1,0,0.5538678854334952
11:54:22,27.6,43.4,1900-01-01 11:54:22,1,0,0.559785289260266
11:54:24,27.6,43.4,1900-01-01 11:54:24,1,0,0.559785289260266
11:54:26,27.6,43.3,1900-01-01 11:54:26,1,0,0.5603648857672938
11:54:28,29.1,70.2,1900-01-01 11:54:28,-1,1,0.6450435033356604
11:54:30,28.7,63.8,1900-01-01 11:54:30,1,0,0.6155940483089357
11:54:32,28.4,57.8,1900-01-01 11:54:32,1,0,0.5953136935387482
11:54:34,28.2,53.8,1900-01-01 11:54:34,1,0,0.5865894938646419
11:54:36,27.9,51.5,1900-01-01 11:54:36,1,0,0.5680791016104166
11:54:38,27.6,50.0,1900-01-01 11:54:38,1,0,0.5426921898552814
11:54:40,27.6,46.7,1900-01-01 11:54:40,1,0,0.5318368292426272
11:54:42,27.5,46.0,1900-01-01 11:54:42,1,0,0.5172980451040715
11:54:44,27.4,43.4,1900-01-01 11:54:44,1,0,0.5365030705907556
11:54:46,27.3,43.7,1900-01-01 11:54:46,1,0,0.5072250337756978
11:54:48,27.3,43.8,1900-01-01 11:54:48,1,0,0.505082773680268
11:54:50,27.3,43.8,1900-01-01 11:54:50,1,0,0.505082773680268
11:54:52,27.3,43.6,1900-01-01 11:54:52,1,0,0.5117321602339236
11:54:54,27.3,43.5,1900-01-01 11:54:54,1,0,0.515213918082596
11:54:56,27.2,43.3,1900-01-01 11:54:56,1,0,0.5116548676361053
11:54:58,27.2,43.2,1900-01-01 11:54:58,1,0,0.5149633324838364
11:55:00,27.2,43.1,1900-01-01 11:55:00,1,0,0.5211337093262384
11:55:02,27.2,43.2,1900-01-01 11:55:02,1,0,0.5149633324838364
11:55:04,27.2,43.1,1900-01-01 11:55:04,1,0,0.5211337093262384
11:55:06,27.1,43.1,1900-01-01 11:55:06,1,0,0.5107070417028851
11:55:08,27.1,43.3,1900-01-01 11:55:08,1,0,0.5014178494827223
11:55:10,27.1,43.5,1900-01-01 11:55:10,1,0,0.4925129878297085
11:55:12,27.1,44.1,1900-01-01 11:55:12,1,0,0.4775345858607938
11:55:14,27.0,44.3,1900-01-01 11:55:14,1,0,0.45973503183881076
11:55:16,27.0,44.1,1900-01-01 11:55:16,1,0,0.4640147665175491
11:55:18,27.0,44.3,1900-01-01 11:55:18,1,0,0.45973503183881076
11:55:20,32.0,26.0,1900-01-01 11:55:20,-1,1,0.7630998492113306
11:55:22,32.3,26.7,1900-01-01 11:55:22,-1,1,0.7641331540035602
11:55:24,26.9,44.2,1900-01-01 11:55:24,1,0,0.4533791596571051
11:55:26,26.9,44.2,1900-01-01 11:55:26,1,0,0.4533791596571051
11:55:28,26.9,44.2,1900-01-01 11:55:28,1,0,0.4533791596571051
11:55:30,26.6,86.8,1900-01-01 11:55:30,1,0,0.5906162218486458
11:55:32,26.9,44.2,1900-01-01 11:55:32,1,0,0.4533791596571051
11:55:34,26.9,44.1,1900-01-01 11:55:34,1,0,0.4549051369846409
11:55:36,26.9,44.4,1900-01-01 11:55:36,1,0,0.44776639738705865
11:55:38,26.9,44.5,1900-01-01 11:55:38,1,0,0.44577918888768636
11:55:40,26.8,44.5,1900-01-01 11:55:40,1,0,0.4242127468211285
11:55:42,26.8,44.5,1900-01-01 11:55:42,1,0,0.4242127468211285
11:55:44,26.8,44.8,1900-01-01 11:55:44,1,0,0.4206594388938469
11:55:46,26.8,44.9,1900-01-01 11:55:46,1,0,0.42165975849845894
11:55:48,26.8,45.0,1900-01-01 11:55:48,1,0,0.4224459871987836
11:55:50,26.8,45.5,1900-01-01 11:55:50,1,0,0.42097251882392084
11:55:52,26.8,46.7,1900-01-01 11:55:52,1,0,0.4209753701483475
11:55:54,26.8,47.1,1900-01-01 11:55:54,1,0,0.4247620811821773
11:55:56,26.8,47.7,1900-01-01 11:55:56,1,0,0.4274939075608285
11:55:58,26.7,48.1,1900-01-01 11:55:58,1,0,0.41442317833490333
11:56:00,26.8,48.4,1900-01-01 11:56:00,1,0,0.4312700522564858
11:56:02,26.7,48.5,1900-01-01 11:56:02,1,0,0.419495750415358
11:56:04,26.8,47.8,1900-01-01 11:56:04,1,0,0.42916384209994746
11:56:06,26.8,47.5,1900-01-01 11:56:06,1,0,0.4291913799022606
11:56:08,26.7,47.3,1900-01-01 11:56:08,1,0,0.41070511117548736
11:56:10,26.7,46.9,1900-01-01 11:56:10,1,0,0.40642450896410526
11:56:12,26.7,46.7,1900-01-01 11:56:12,1,0,0.4042241839957429
11:56:14,26.7,46.8,1900-01-01 11:56:14,1,0,0.40565054494630326
11:56:16,26.7,46.9,1900-01-01 11:56:16,1,0,0.40642450896410526
11:56:18,26.7,47.0,1900-01-01 11:56:18,1,0,0.4081749894472173
11:56:20,26.7,47.3,1900-01-01 11:56:20,1,0,0.41070511117548736
11:56:22,26.7,47.3,1900-01-01 11:56:22,1,0,0.41070511117548736
11:56:24,26.7,46.9,1900-01-01 11:56:24,1,0,0.40642450896410526
11:56:26,26.7,46.7,1900-01-01 11:56:26,1,0,0.4042241839957429
11:56:28,26.7,47.2,1900-01-01 11:56:28,1,0,0.40960872154170835
11:56:30,26.7,47.7,1900-01-01 11:56:30,1,0,0.41289271695143775
11:56:32,26.7,47.3,1900-01-01 11:56:32,1,0,0.41070511117548736
11:56:34,26.7,46.9,1900-01-01 11:56:34,1,0,0.40642450896410526
11:56:36,26.7,46.6,1900-01-01 11:56:36,1,0,0.4037948520222206
11:56:38,26.7,46.6,1900-01-01 11:56:38,1,0,0.4037948520222206
11:56:40,26.7,46.8,1900-01-01 11:56:40,1,0,0.40565054494630326
11:56:42,26.7,46.8,1900-01-01 11:56:42,1,0,0.40565054494630326
11:56:44,26.7,46.7,1900-01-01 11:56:44,1,0,0.4042241839957429
11:56:46,26.7,46.5,1900-01-01 11:56:46,1,0,0.40285675198021953
11:56:48,26.7,46.5,1900-01-01 11:56:48,1,0,0.40285675198021953
11:56:50,26.7,45.9,1900-01-01 11:56:50,1,0,0.4001365335564378
11:56:52,26.6,50.5,1900-01-01 11:56:52,1,0,0.4261355164742937
11:56:54,26.7,55.9,1900-01-01 11:56:54,1,0,0.4383542365880459
11:56:56,26.9,60.3,1900-01-01 11:56:56,1,0,0.47270216561666356
11:56:58,26.6,65.8,1900-01-01 11:56:58,1,0,0.4924106689090301
11:57:00,26.7,70.3,1900-01-01 11:57:00,1,0,0.5206551895325546
11:57:02,26.8,75.2,1900-01-01 11:57:02,1,0,0.565169560860806
11:57:04,26.8,78.2,1900-01-01 11:57:04,1,0,0.5722266683039293
11:57:06,26.7,80.8,1900-01-01 11:57:06,1,0,0.5800763715423994
11:57:08,26.6,83.7,1900-01-01 11:57:08,1,0,0.5906049349877683
11:57:10,26.7,85.7,1900-01-01 11:57:10,1,0,0.5963166157729358
11:57:12,26.7,87.1,1900-01-01 11:57:12,1,0,0.5953523881973171
11:57:14,27.0,88.1,1900-01-01 11:57:14,1,0,0.617002286661912
11:57:16,26.6,88.8,1900-01-01 11:57:16,1,0,0.5952887477142673
11:57:18,26.7,88.6,1900-01-01 11:57:18,1,0,0.6003246833214219
11:57:20,26.8,86.6,1900-01-01 11:57:20,1,0,0.6014342394357912
11:57:22,26.7,85.7,1900-01-01 11:57:22,1,0,0.5963166157729358
11:57:24,26.7,84.0,1900-01-01 11:57:24,1,0,0.5951624322157915
11:57:26,26.9,80.9,1900-01-01 11:57:26,1,0,0.5968451530779271
11:57:28,26.7,77.5,1900-01-01 11:57:28,1,0,0.5626572049636467
11:57:30,26.6,74.3,1900-01-01 11:57:30,1,0,0.5494059069723897
11:57:32,26.6,69.8,1900-01-01 11:57:32,1,0,0.517021890248513
11:57:34,26.5,65.3,1900-01-01 11:57:34,1,0,0.4794530659927515
11:57:36,26.7,59.7,1900-01-01 11:57:36,1,0,0.4447748473693483
11:57:38,26.7,55.4,1900-01-01 11:57:38,1,0,0.43940155627241845
11:57:40,26.6,51.3,1900-01-01 11:57:40,1,0,0.4273848174289408
11:57:42,26.8,46.7,1900-01-01 11:57:42,1,0,0.4209753701483475
11:57:44,26.7,46.3,1900-01-01 11:57:44,1,0,0.40155868356652763
11:57:46,26.6,46.4,1900-01-01 11:57:46,1,0,0.3911725053744325
11:57:48,26.6,46.9,1900-01-01 11:57:48,1,0,0.3958440223298513
11:57:50,26.6,47.2,1900-01-01 11:57:50,1,0,0.39986279408599723
11:57:52,26.6,47.5,1900-01-01 11:57:52,1,0,0.403638239467158
11:57:54,26.6,47.7,1900-01-01 11:57:54,1,0,0.40638055772457987
11:57:56,26.6,47.7,1900-01-01 11:57:56,1,0,0.40638055772457987
11:57:58,26.6,47.3,1900-01-01 11:57:58,1,0,0.40120766654708284
11:58:00,26.6,46.7,1900-01-01 11:58:00,1,0,0.39352427733595446
11:58:02,26.6,46.4,1900-01-01 11:58:02,1,0,0.3911725053744325
11:58:04,26.6,46.6,1900-01-01 11:58:04,1,0,0.3932117290765038
11:58:06,26.6,46.6,1900-01-01 11:58:06,1,0,0.3932117290765038
11:58:08,26.6,46.6,1900-01-01 11:58:08,1,0,0.3932117290765038
11:58:10,26.6,46.6,1900-01-01 11:58:10,1,0,0.3932117290765038
11:58:12,26.6,46.6,1900-01-01 11:58:12,1,0,0.3932117290765038
11:58:14,26.6,46.6,1900-01-01 11:58:14,1,0,0.3932117290765038
11:58:16,26.6,46.6,1900-01-01 11:58:16,1,0,0.3932117290765038
11:58:18,26.6,46.6,1900-01-01 11:58:18,1,0,0.3932117290765038
11:58:20,26.6,46.6,1900-01-01 11:58:20,1,0,0.3932117290765038
11:58:22,26.6,46.6,1900-01-01 11:58:22,1,0,0.3932117290765038
11:58:24,26.6,46.6,1900-01-01 11:58:24,1,0,0.3932117290765038
11:58:26,26.6,46.6,1900-01-01 11:58:26,1,0,0.3932117290765038
11:58:28,26.6,45.5,1900-01-01 11:58:28,1,0,0.392990979178055
11:58:30,26.6,46.1,1900-01-01 11:58:30,1,0,0.3891369566547143
11:58:32,26.6,46.4,1900-01-01 11:58:32,1,0,0.3911725053744325
11:58:34,26.5,46.5,1900-01-01 11:58:34,1,0,0.3801533279518646
11:58:36,26.6,46.6,1900-01-01 11:58:36,1,0,0.3932117290765038
11:58:38,26.6,46.5,1900-01-01 11:58:38,1,0,0.3919199499369967
11:58:40,26.6,46.4,1900-01-01 11:58:40,1,0,0.3911725053744325
11:58:42,26.6,46.3,1900-01-01 11:58:42,1,0,0.3907727537312579
11:58:44,26.6,46.3,1900-01-01 11:58:44,1,0,0.3907727537312579
11:58:46,26.6,46.1,1900-01-01 11:58:46,1,0,0.3891369566547143
11:58:48,26.5,46.0,1900-01-01 11:58:48,1,0,0.37652975081662976
11:58:50,26.6,46.5,1900-01-01 11:58:50,1,0,0.3919199499369967
11:58:52,26.6,46.8,1900-01-01 11:58:52,1,0,0.39509020698853214
11:58:54,26.6,46.7,1900-01-01 11:58:54,1,0,0.39352427733595446
11:58:56,26.6,46.5,1900-01-01 11:58:56,1,0,0.3919199499369967
11:58:58,26.6,46.9,1900-01-01 11:58:58,1,0,0.3958440223298513
11:59:00,26.6,47.6,1900-01-01 11:59:00,1,0,0.4049138809834678
11:59:02,26.6,48.0,1900-01-01 11:59:02,1,0,0.40900032153148186
11:59:04,26.6,47.9,1900-01-01 11:59:04,1,0,0.40777197226889594
11:59:06,26.5,47.6,1900-01-01 11:59:06,1,0,0.39222831174890616
11:59:08,26.6,47.6,1900-01-01 11:59:08,1,0,0.4049138809834678
11:59:10,26.5,47.5,1900-01-01 11:59:10,1,0,0.39161567872036995
11:59:12,26.6,48.3,1900-01-01 11:59:12,1,0,0.40897749803813227
11:59:14,26.6,48.8,1900-01-01 11:59:14,1,0,0.41692692077340426
11:59:16,26.5,48.6,1900-01-01 11:59:16,1,0,0.40179158646364593
11:59:18,26.6,48.8,1900-01-01 11:59:18,1,0,0.41692692077340426
11:59:20,26.6,48.6,1900-01-01 11:59:20,1,0,0.41513341810988863
11:59:22,26.5,47.8,1900-01-01 11:59:22,1,0,0.395066162976927
11:59:24,26.6,47.5,1900-01-01 11:59:24,1,0,0.403638239467158
11:59:26,26.5,47.2,1900-01-01 11:59:26,1,0,0.38777952686155126
11:59:28,26.5,47.1,1900-01-01 11:59:28,1,0,0.3858838942680989
11:59:30,26.6,47.3,1900-01-01 11:59:30,1,0,0.40120766654708284
11:59:32,26.6,47.7,1900-01-01 11:59:32,1,0,0.40638055772457987
11:59:34,26.6,47.7,1900-01-01 11:59:34,1,0,0.40638055772457987
11:59:36,26.6,47.5,1900-01-01 11:59:36,1,0,0.403638239467158
11:59:38,26.5,47.1,1900-01-01 11:59:38,1,0,0.3858838942680989
11:59:40,26.6,47.2,1900-01-01 11:59:40,1,0,0.39986279408599723
11:59:42,26.6,47.0,1900-01-01 11:59:42,1,0,0.3977669932021353
11:59:44,26.6,46.7,1900-01-01 11:59:44,1,0,0.39352427733595446
11:59:46,26.6,46.3,1900-01-01 11:59:46,1,0,0.3907727537312579
11:59:48,26.6,46.1,1900-01-01 11:59:48,1,0,0.3891369566547143
11:59:50,26.6,46.0,1900-01-01 11:59:50,1,0,0.3890987118560474
11:59:52,26.6,45.9,1900-01-01 11:59:52,1,0,0.3883060294101053
11:59:54,26.6,45.8,1900-01-01 11:59:54,1,0,0.38822463195677487
11:59:56,26.6,45.8,1900-01-01 11:59:56,1,0,0.38822463195677487
11:59:58,26.6,45.7,1900-01-01 11:59:58,1,0,0.38998273844013714
12:00:00,26.6,45.7,1900-01-01 12:00:00,1,0,0.38998273844013714
12:00:02,26.6,45.6,1900-01-01 12:00:02,1,0,0.3922046070909372
12:00:04,26.6,45.7,1900-01-01 12:00:04,1,0,0.38998273844013714
12:00:06,26.6,45.9,1900-01-01 12:00:06,1,0,0.3883060294101053
12:00:08,26.6,45.8,1900-01-01 12:00:08,1,0,0.38822463195677487
12:00:10,26.6,45.7,1900-01-01 12:00:10,1,0,0.38998273844013714
12:00:12,26.5,45.5,1900-01-01 12:00:12,1,0,0.380647230914258
12:00:14,26.6,45.5,1900-01-01 12:00:14,1,0,0.392990979178055
12:00:16,26.6,45.5,1900-01-01 12:00:16,1,0,0.392990979178055
12:00:18,26.6,45.5,1900-01-01 12:00:18,1,0,0.392990979178055
12:00:20,26.5,45.5,1900-01-01 12:00:20,1,0,0.380647230914258
12:00:22,26.6,45.4,1900-01-01 12:00:22,1,0,0.39398902901618427
12:00:24,26.6,45.7,1900-01-01 12:00:24,1,0,0.38998273844013714
12:00:26,26.6,45.7,1900-01-01 12:00:26,1,0,0.38998273844013714
12:00:28,26.5,45.7,1900-01-01 12:00:28,1,0,0.3777103565014502
12:00:30,26.5,45.7,1900-01-01 12:00:30,1,0,0.3777103565014502
12:00:32,26.6,45.6,1900-01-01 12:00:32,1,0,0.3922046070909372
12:00:34,26.6,45.6,1900-01-01 12:00:34,1,0,0.3922046070909372
12:00:36,26.6,45.4,1900-01-01 12:00:36,1,0,0.39398902901618427
12:00:38,26.6,45.4,1900-01-01 12:00:38,1,0,0.39398902901618427
12:00:40,26.6,45.2,1900-01-01 12:00:40,1,0,0.39741169083585587
12:00:42,26.6,45.6,1900-01-01 12:00:42,1,0,0.3922046070909372
12:00:44,26.5,46.2,1900-01-01 12:00:44,1,0,0.37742494942584204
12:00:46,26.6,46.8,1900-01-01 12:00:46,1,0,0.39509020698853214
12:00:48,26.5,48.9,1900-01-01 12:00:48,1,0,0.4039105830043569
12:00:50,26.6,49.4,1900-01-01 12:00:50,1,0,0.4200842800820771
12:00:52,26.6,49.7,1900-01-01 12:00:52,1,0,0.4219492976836216
12:00:54,26.6,49.6,1900-01-01 12:00:54,1,0,0.42224770138359274
12:00:56,26.6,49.8,1900-01-01 12:00:56,1,0,0.4236833841391383
12:00:58,26.4,48.8,1900-01-01 12:00:58,1,0,0.4043741272250182
12:01:00,26.4,47.0,1900-01-01 12:01:00,1,0,0.3885022494059518
12:01:02,26.5,44.8,1900-01-01 12:01:02,1,0,0.3842708048460996
12:01:04,26.6,43.4,1900-01-01 12:01:04,1,0,0.4313128522806848
12:01:06,26.5,42.1,1900-01-01 12:01:06,1,0,0.4454809597404575
12:01:08,26.7,39.7,1900-01-01 12:01:08,1,0,0.5030428397470894
12:01:10,26.5,37.0,1900-01-01 12:01:10,1,0,0.512196534582361
12:01:12,26.5,36.6,1900-01-01 12:01:12,1,0,0.5139974870916975
12:01:14,26.5,36.7,1900-01-01 12:01:14,1,0,0.5139974870916975
12:01:16,26.4,34.8,1900-01-01 12:01:16,1,0,0.5300901758518762
12:01:18,26.6,33.7,1900-01-01 12:01:18,1,0,0.5600989991000748
12:01:20,26.4,33.0,1900-01-01 12:01:20,1,0,0.5595944708357257
12:01:22,26.6,31.9,1900-01-01 12:01:22,1,0,0.5773122817606354
12:01:24,26.5,31.5,1900-01-01 12:01:24,1,0,0.5727930534897087
12:01:26,26.7,30.5,1900-01-01 12:01:26,1,0,0.593842243776947
12:01:28,26.4,30.3,1900-01-01 12:01:28,1,0,0.5856106697845632
12:01:30,26.6,29.9,1900-01-01 12:01:30,1,0,0.6015142615396059
12:01:32,26.7,28.7,1900-01-01 12:01:32,1,0,0.6146462931155193
12:01:34,26.5,29.4,1900-01-01 12:01:34,1,0,0.5997648749703086
12:01:36,26.4,29.8,1900-01-01 12:01:36,1,0,0.5943265508851363
12:01:38,26.4,29.3,1900-01-01 12:01:38,1,0,0.6006297850351191
12:01:40,26.7,29.6,1900-01-01 12:01:40,1,0,0.6057466522821194
12:01:42,26.5,30.4,1900-01-01 12:01:42,1,0,0.5857867346144069
12:01:44,26.4,30.1,1900-01-01 12:01:44,1,0,0.5858088113802148
12:01:46,26.4,30.1,1900-01-01 12:01:46,1,0,0.5858088113802148
12:01:48,26.4,32.6,1900-01-01 12:01:48,1,0,0.5647190160715098
12:01:50,26.7,33.5,1900-01-01 12:01:50,1,0,0.5667372716604925
12:01:52,26.4,33.0,1900-01-01 12:01:52,1,0,0.5595944708357257
12:01:54,26.5,34.2,1900-01-01 12:01:54,1,0,0.5364740316703086
12:01:56,26.5,35.5,1900-01-01 12:01:56,1,0,0.5208178133552165
12:01:58,26.5,36.9,1900-01-01 12:01:58,1,0,0.512196534582361
12:02:00,26.6,37.6,1900-01-01 12:02:00,1,0,0.5204863096018711
12:02:02,26.5,40.0,1900-01-01 12:02:02,1,0,0.48230729726494775
12:02:04,26.7,39.4,1900-01-01 12:02:04,1,0,0.5053934787422505
12:02:06,26.5,41.5,1900-01-01 12:02:06,1,0,0.4542513413145736
12:02:08,26.4,42.2,1900-01-01 12:02:08,1,0,0.44371456320038033
12:02:10,26.7,44.3,1900-01-01 12:02:10,1,0,0.410351772099703
12:02:12,26.4,45.1,1900-01-01 12:02:12,1,0,0.3844656016708984
12:02:14,26.5,44.9,1900-01-01 12:02:14,1,0,0.3837399482708401
12:02:16,26.5,44.8,1900-01-01 12:02:16,1,0,0.3842708048460996
12:02:18,26.5,44.7,1900-01-01 12:02:18,1,0,0.3842820845513656
12:02:20,26.5,44.6,1900-01-01 12:02:20,1,0,0.38549670604117836
12:02:22,26.5,44.6,1900-01-01 12:02:22,1,0,0.38549670604117836
12:02:24,26.5,44.4,1900-01-01 12:02:24,1,0,0.3870735123080338
12:02:26,26.5,44.4,1900-01-01 12:02:26,1,0,0.3870735123080338
12:02:28,26.5,44.4,1900-01-01 12:02:28,1,0,0.3870735123080338
12:02:30,26.5,44.3,1900-01-01 12:02:30,1,0,0.38813409122782705
12:02:32,26.5,44.3,1900-01-01 12:02:32,1,0,0.38813409122782705
12:02:34,26.5,44.3,1900-01-01 12:02:34,1,0,0.38813409122782705
12:02:36,26.4,44.2,1900-01-01 12:02:36,1,0,0.38793736638278176
12:02:38,26.4,44.2,1900-01-01 12:02:38,1,0,0.38793736638278176
12:02:40,26.4,44.2,1900-01-01 12:02:40,1,0,0.38793736638278176
12:02:42,26.4,44.2,1900-01-01 12:02:42,1,0,0.38793736638278176
12:02:44,26.4,44.6,1900-01-01 12:02:44,1,0,0.3831539764628812
12:02:46,26.4,44.7,1900-01-01 12:02:46,1,0,0.3828266498037474
12:02:48,26.4,44.9,1900-01-01 12:02:48,1,0,0.38348707720543385
12:02:50,26.4,45.1,1900-01-01 12:02:50,1,0,0.3844656016708984
12:02:52,26.4,45.7,1900-01-01 12:02:52,1,0,0.3784599656095424
12:02:54,26.4,45.9,1900-01-01 12:02:54,1,0,0.3767360042039362
12:02:56,26.4,45.9,1900-01-01 12:02:56,1,0,0.3767360042039362
12:02:58,26.4,45.9,1900-01-01 12:02:58,1,0,0.3767360042039362
12:03:00,26.3,45.9,1900-01-01 12:03:00,1,0,0.38188131662522384
12:03:02,26.4,46.4,1900-01-01 12:03:02,1,0,0.38027170909156605
12:03:04,26.4,46.9,1900-01-01 12:03:04,1,0,0.38653165608139767
12:03:06,26.4,47.4,1900-01-01 12:03:06,1,0,0.39164851366568726
12:03:08,26.4,47.8,1900-01-01 12:03:08,1,0,0.39733665844727756
12:03:10,26.4,47.4,1900-01-01 12:03:10,1,0,0.39164851366568726
12:03:12,26.4,46.9,1900-01-01 12:03:12,1,0,0.38653165608139767
12:03:14,26.4,46.5,1900-01-01 12:03:14,1,0,0.38102505618913307
12:03:16,26.4,46.5,1900-01-01 12:03:16,1,0,0.38102505618913307
12:03:18,26.4,46.6,1900-01-01 12:03:18,1,0,0.38246370311303085
12:03:20,26.4,46.6,1900-01-01 12:03:20,1,0,0.38246370311303085
12:03:22,26.4,46.8,1900-01-01 12:03:22,1,0,0.3862199237388425
12:03:24,26.4,46.9,1900-01-01 12:03:24,1,0,0.38653165608139767
12:03:26,26.4,46.9,1900-01-01 12:03:26,1,0,0.38653165608139767
12:03:28,26.4,47.2,1900-01-01 12:03:28,1,0,0.39045469094591406
12:03:30,26.5,47.5,1900-01-01 12:03:30,1,0,0.39161567872036995
12:03:32,26.5,47.6,1900-01-01 12:03:32,1,0,0.39222831174890616
12:03:34,26.4,47.2,1900-01-01 12:03:34,1,0,0.39045469094591406
12:03:36,26.4,46.9,1900-01-01 12:03:36,1,0,0.38653165608139767
12:03:38,26.5,47.1,1900-01-01 12:03:38,1,0,0.3858838942680989
12:03:40,26.4,47.0,1900-01-01 12:03:40,1,0,0.3885022494059518
12:03:42,26.5,47.2,1900-01-01 12:03:42,1,0,0.38777952686155126
12:03:44,26.5,46.7,1900-01-01 12:03:44,1,0,0.38183704955770575
12:03:46,26.5,46.3,1900-01-01 12:03:46,1,0,0.3787766407415195
12:03:48,26.5,46.2,1900-01-01 12:03:48,1,0,0.37742494942584204
12:03:50,26.5,46.3,1900-01-01 12:03:50,1,0,0.3787766407415195
12:03:52,26.4,46.4,1900-01-01 12:03:52,1,0,0.38027170909156605
12:03:54,27.8,88.8,1900-01-01 12:03:54,-1,1,0.6473002796864155
12:03:56,27.4,72.7,1900-01-01 12:03:56,1,0,0.5900472188731363
12:03:58,26.9,64.8,1900-01-01 12:03:58,1,0,0.5069084339501309
12:04:00,26.8,57.2,1900-01-01 12:04:00,1,0,0.4490249101801969
12:04:02,26.9,54.2,1900-01-01 12:04:02,1,0,0.45969784167896194
12:04:04,26.8,53.1,1900-01-01 12:04:04,1,0,0.44492882042485826
12:04:06,26.6,50.2,1900-01-01 12:04:06,1,0,0.42697991925842743
12:04:08,26.4,49.8,1900-01-01 12:04:08,1,0,0.41121448792305976
12:04:10,26.4,48.8,1900-01-01 12:04:10,1,0,0.4043741272250182
12:04:12,26.5,48.9,1900-01-01 12:04:12,1,0,0.4039105830043569
12:04:14,26.5,48.6,1900-01-01 12:04:14,1,0,0.40179158646364593
12:04:16,26.4,48.3,1900-01-01 12:04:16,1,0,0.39767287319115363
12:04:18,26.5,47.8,1900-01-01 12:04:18,1,0,0.395066162976927
12:04:20,26.5,47.3,1900-01-01 12:04:20,1,0,0.38856093878527986
12:04:22,26.5,46.8,1900-01-01 12:04:22,1,0,0.3837841918555566
12:04:24,26.4,46.4,1900-01-01 12:04:24,1,0,0.38027170909156605
12:04:26,26.5,46.1,1900-01-01 12:04:26,1,0,0.37719106007942943
12:04:28,26.4,45.9,1900-01-01 12:04:28,1,0,0.3767360042039362
12:04:30,26.5,45.9,1900-01-01 12:04:30,1,0,0.3756274184494551
12:04:32,26.5,45.7,1900-01-01 12:04:32,1,0,0.3777103565014502
12:04:34,26.5,45.5,1900-01-01 12:04:34,1,0,0.380647230914258
12:04:36,26.5,45.3,1900-01-01 12:04:36,1,0,0.3828578374724851
12:04:38,26.5,45.4,1900-01-01 12:04:38,1,0,0.3815232905343966
12:04:40,26.5,45.6,1900-01-01 12:04:40,1,0,0.37988555857751455
12:04:42,26.5,45.7,1900-01-01 12:04:42,1,0,0.3777103565014502
12:04:44,26.5,45.7,1900-01-01 12:04:44,1,0,0.3777103565014502
12:04:46,26.5,45.6,1900-01-01 12:04:46,1,0,0.37988555857751455
12:04:48,26.5,45.7,1900-01-01 12:04:48,1,0,0.3777103565014502
12:04:50,26.5,45.8,1900-01-01 12:04:50,1,0,0.3757021038662641
12:04:52,26.5,45.9,1900-01-01 12:04:52,1,0,0.3756274184494551
12:04:54,26.5,46.0,1900-01-01 12:04:54,1,0,0.37652975081662976
12:04:56,26.4,45.9,1900-01-01 12:04:56,1,0,0.3767360042039362
12:04:58,26.5,46.0,1900-01-01 12:04:58,1,0,0.37652975081662976
12:05:00,26.5,46.1,1900-01-01 12:05:00,1,0,0.37719106007942943
12:05:02,26.5,46.5,1900-01-01 12:05:02,1,0,0.3801533279518646
12:05:04,26.5,47.1,1900-01-01 12:05:04,1,0,0.3858838942680989
12:05:06,26.5,47.5,1900-01-01 12:05:06,1,0,0.39161567872036995
12:05:08,26.5,47.5,1900-01-01 12:05:08,1,0,0.39161567872036995
12:05:10,26.5,47.5,1900-01-01 12:05:10,1,0,0.39161567872036995
12:05:12,26.5,47.5,1900-01-01 12:05:12,1,0,0.39161567872036995
12:05:14,26.5,47.4,1900-01-01 12:05:14,1,0,0.3894105218838001
12:05:16,26.4,47.0,1900-01-01 12:05:16,1,0,0.3885022494059518
12:05:18,26.5,46.7,1900-01-01 12:05:18,1,0,0.38183704955770575
12:05:20,26.5,46.4,1900-01-01 12:05:20,1,0,0.3791641206338273
12:05:22,26.4,46.3,1900-01-01 12:05:22,1,0,0.3798830973193335
12:05:24,26.4,46.4,1900-01-01 12:05:24,1,0,0.38027170909156605
12:05:26,26.5,46.3,1900-01-01 12:05:26,1,0,0.3787766407415195
12:05:28,26.5,46.1,1900-01-01 12:05:28,1,0,0.37719106007942943
12:05:30,26.5,46.0,1900-01-01 12:05:30,1,0,0.37652975081662976
12:05:32,26.5,45.9,1900-01-01 12:05:32,1,0,0.3756274184494551
12:05:34,26.5,45.9,1900-01-01 12:05:34,1,0,0.3756274184494551
12:05:36,26.5,45.8,1900-01-01 12:05:36,1,0,0.3757021038662641
12:05:38,26.5,45.9,1900-01-01 12:05:38,1,0,0.3756274184494551
12:05:40,26.5,46.3,1900-01-01 12:05:40,1,0,0.3787766407415195
12:05:42,27.3,90.0,1900-01-01 12:05:42,1,0,0.630005194939648
12:05:44,26.7,66.2,1900-01-01 12:05:44,1,0,0.497253046516802
12:05:46,26.6,55.6,1900-01-01 12:05:46,1,0,0.43762584706941104
12:05:48,26.6,50.7,1900-01-01 12:05:48,1,0,0.4269214530530706
12:05:50,26.6,48.5,1900-01-01 12:05:50,1,0,0.4149687732565675
12:05:52,26.5,46.4,1900-01-01 12:05:52,1,0,0.3791641206338273
12:05:54,26.5,46.1,1900-01-01 12:05:54,1,0,0.37719106007942943
12:05:56,26.5,46.0,1900-01-01 12:05:56,1,0,0.37652975081662976
12:05:58,26.5,45.7,1900-01-01 12:05:58,1,0,0.3777103565014502
12:06:00,26.5,45.8,1900-01-01 12:06:00,1,0,0.3757021038662641
12:06:02,26.5,45.9,1900-01-01 12:06:02,1,0,0.3756274184494551
12:06:04,26.5,46.0,1900-01-01 12:06:04,1,0,0.37652975081662976
12:06:06,26.5,46.2,1900-01-01 12:06:06,1,0,0.37742494942584204
12:06:08,26.5,46.3,1900-01-01 12:06:08,1,0,0.3787766407415195
12:06:10,26.5,46.4,1900-01-01 12:06:10,1,0,0.3791641206338273
12:06:12,26.5,46.6,1900-01-01 12:06:12,1,0,0.38122382201366106
12:06:14,26.5,47.1,1900-01-01 12:06:14,1,0,0.3858838942680989
12:06:16,26.5,47.5,1900-01-01 12:06:16,1,0,0.39161567872036995
12:06:18,26.5,48.2,1900-01-01 12:06:18,1,0,0.3955214349577518
12:06:20,26.5,48.0,1900-01-01 12:06:20,1,0,0.39653376799461976
12:06:22,26.5,47.7,1900-01-01 12:06:22,1,0,0.393485373955705
12:06:24,26.5,47.3,1900-01-01 12:06:24,1,0,0.38856093878527986
12:06:26,26.5,47.1,1900-01-01 12:06:26,1,0,0.3858838942680989
12:06:28,26.5,46.9,1900-01-01 12:06:28,1,0,0.3840290932230771
12:06:30,26.5,46.8,1900-01-01 12:06:30,1,0,0.3837841918555566
12:06:32,26.5,46.8,1900-01-01 12:06:32,1,0,0.3837841918555566
12:06:34,26.5,46.4,1900-01-01 12:06:34,1,0,0.3791641206338273
12:06:36,26.5,46.2,1900-01-01 12:06:36,1,0,0.37742494942584204
12:06:38,26.5,46.1,1900-01-01 12:06:38,1,0,0.37719106007942943
12:06:40,26.5,46.1,1900-01-01 12:06:40,1,0,0.37719106007942943
12:06:42,26.5,45.9,1900-01-01 12:06:42,1,0,0.3756274184494551
12:06:44,26.5,45.7,1900-01-01 12:06:44,1,0,0.3777103565014502
12:06:46,26.5,45.6,1900-01-01 12:06:46,1,0,0.37988555857751455
12:06:48,26.4,45.4,1900-01-01 12:06:48,1,0,0.38174560551330255
12:06:50,26.4,45.2,1900-01-01 12:06:50,1,0,0.3839447125204303
12:06:52,26.5,45.2,1900-01-01 12:06:52,1,0,0.3852602748690839
12:06:54,26.5,45.3,1900-01-01 12:06:54,1,0,0.3828578374724851
12:06:56,26.4,45.6,1900-01-01 12:06:56,1,0,0.3800994817762405
12:06:58,26.5,45.8,1900-01-01 12:06:58,1,0,0.3757021038662641
12:07:00,26.5,46.3,1900-01-01 12:07:00,1,0,0.3787766407415195
12:07:02,26.4,46.5,1900-01-01 12:07:02,1,0,0.38102505618913307
12:07:04,26.4,46.3,1900-01-01 12:07:04,1,0,0.3798830973193335
12:07:06,26.5,46.2,1900-01-01 12:07:06,1,0,0.37742494942584204
12:07:08,26.4,46.1,1900-01-01 12:07:08,1,0,0.3784322599873746
12:07:10,26.5,46.1,1900-01-01 12:07:10,1,0,0.37719106007942943
12:07:12,26.4,45.9,1900-01-01 12:07:12,1,0,0.3767360042039362
12:07:14,26.5,45.7,1900-01-01 12:07:14,1,0,0.3777103565014502
12:07:16,26.5,45.4,1900-01-01 12:07:16,1,0,0.3815232905343966
12:07:18,26.5,45.3,1900-01-01 12:07:18,1,0,0.3828578374724851
12:07:20,26.4,45.2,1900-01-01 12:07:20,1,0,0.3839447125204303
12:07:22,26.4,45.2,1900-01-01 12:07:22,1,0,0.3839447125204303
12:07:24,26.5,45.4,1900-01-01 12:07:24,1,0,0.3815232905343966
12:07:26,26.5,45.6,1900-01-01 12:07:26,1,0,0.37988555857751455
12:07:28,26.5,45.7,1900-01-01 12:07:28,1,0,0.3777103565014502
12:07:30,26.5,45.7,1900-01-01 12:07:30,1,0,0.3777103565014502
12:07:32,26.5,45.6,1900-01-01 12:07:32,1,0,0.37988555857751455
12:07:34,26.5,45.5,1900-01-01 12:07:34,1,0,0.380647230914258
12:07:36,26.5,45.3,1900-01-01 12:07:36,1,0,0.3828578374724851
12:07:38,26.4,45.2,1900-01-01 12:07:38,1,0,0.3839447125204303
12:07:40,26.5,45.3,1900-01-01 12:07:40,1,0,0.3828578374724851
12:07:42,26.5,45.3,1900-01-01 12:07:42,1,0,0.3828578374724851
12:07:44,26.4,45.4,1900-01-01 12:07:44,1,0,0.38174560551330255
12:07:46,26.5,45.5,1900-01-01 12:07:46,1,0,0.380647230914258
12:07:48,26.5,45.3,1900-01-01 12:07:48,1,0,0.3828578374724851
12:07:50,26.5,45.3,1900-01-01 12:07:50,1,0,0.3828578374724851
12:07:52,26.4,45.2,1900-01-01 12:07:52,1,0,0.3839447125204303
12:07:54,26.5,45.3,1900-01-01 12:07:54,1,0,0.3828578374724851
12:07:56,26.4,45.2,1900-01-01 12:07:56,1,0,0.3839447125204303
12:07:58,26.4,45.3,1900-01-01 12:07:58,1,0,0.38131154947267437
12:08:00,26.5,45.5,1900-01-01 12:08:00,1,0,0.380647230914258
12:08:02,26.5,45.4,1900-01-01 12:08:02,1,0,0.3815232905343966
12:08:04,26.5,45.5,1900-01-01 12:08:04,1,0,0.380647230914258
12:08:06,26.5,45.7,1900-01-01 12:08:06,1,0,0.3777103565014502
12:08:08,26.5,45.9,1900-01-01 12:08:08,1,0,0.3756274184494551
12:08:10,26.4,45.9,1900-01-01 12:08:10,1,0,0.3767360042039362
12:08:12,26.5,45.9,1900-01-01 12:08:12,1,0,0.3756274184494551
12:08:14,26.5,46.1,1900-01-01 12:08:14,1,0,0.37719106007942943
12:08:16,26.5,46.2,1900-01-01 12:08:16,1,0,0.37742494942584204
12:08:18,26.5,46.9,1900-01-01 12:08:18,1,0,0.3840290932230771
12:08:20,26.5,46.9,1900-01-01 12:08:20,1,0,0.3840290932230771
12:08:22,26.4,46.6,1900-01-01 12:08:22,1,0,0.38246370311303085
12:08:24,26.5,46.5,1900-01-01 12:08:24,1,0,0.3801533279518646
12:08:26,26.5,46.4,1900-01-01 12:08:26,1,0,0.3791641206338273
12:08:28,26.5,46.1,1900-01-01 12:08:28,1,0,0.37719106007942943
12:08:30,26.5,45.8,1900-01-01 12:08:30,1,0,0.3757021038662641
12:08:32,26.5,45.5,1900-01-01 12:08:32,1,0,0.380647230914258
12:08:34,26.5,45.3,1900-01-01 12:08:34,1,0,0.3828578374724851
12:08:36,26.4,45.0,1900-01-01 12:08:36,1,0,0.38408143959356944
12:08:38,26.5,44.8,1900-01-01 12:08:38,1,0,0.3842708048460996
12:08:40,26.4,44.5,1900-01-01 12:08:40,1,0,0.3837581791908912
12:08:42,26.4,44.4,1900-01-01 12:08:42,1,0,0.3847212002077001
12:08:44,26.4,44.3,1900-01-01 12:08:44,1,0,0.38577533380755535
12:08:46,26.4,44.4,1900-01-01 12:08:46,1,0,0.3847212002077001
12:08:48,26.4,44.4,1900-01-01 12:08:48,1,0,0.3847212002077001
12:08:50,26.4,44.6,1900-01-01 12:08:50,1,0,0.3831539764628812
12:08:52,26.3,44.5,1900-01-01 12:08:52,1,0,0.38565769032566166
12:08:54,26.4,44.7,1900-01-01 12:08:54,1,0,0.3828266498037474
12:08:56,26.3,44.4,1900-01-01 12:08:56,1,0,0.38650684133285346
12:08:58,26.3,44.6,1900-01-01 12:08:58,1,0,0.38557135691018773
12:09:00,26.3,44.6,1900-01-01 12:09:00,1,0,0.38557135691018773
12:09:02,26.2,44.8,1900-01-01 12:09:02,1,0,0.3760398422927432
12:09:04,26.3,47.5,1900-01-01 12:09:04,1,0,0.39652460655695215
12:09:06,26.2,50.5,1900-01-01 12:09:06,1,0,0.4038867099536702
12:09:08,26.4,54.9,1900-01-01 12:09:08,1,0,0.4310913566117688
12:09:10,26.4,58.6,1900-01-01 12:09:10,1,0,0.4317976675058322
12:09:12,26.3,61.0,1900-01-01 12:09:12,1,0,0.4449901021718199
12:09:14,26.1,64.3,1900-01-01 12:09:14,1,0,0.4558915848614624
12:09:16,26.2,67.2,1900-01-01 12:09:16,1,0,0.48333968581864123
12:09:18,26.2,69.9,1900-01-01 12:09:18,1,0,0.4979365557261577
12:09:20,26.1,72.8,1900-01-01 12:09:20,1,0,0.5100581735854844
12:09:22,26.2,74.3,1900-01-01 12:09:22,1,0,0.5252056209027514
12:09:24,26.1,77.5,1900-01-01 12:09:24,1,0,0.5377542097835264
12:09:26,26.2,79.6,1900-01-01 12:09:26,1,0,0.5569852944699913
12:09:28,26.1,81.2,1900-01-01 12:09:28,1,0,0.5615603557725815
12:09:30,26.1,83.1,1900-01-01 12:09:30,1,0,0.5706787254498706
12:09:32,26.1,84.6,1900-01-01 12:09:32,1,0,0.5762695664854522
12:09:34,26.1,84.7,1900-01-01 12:09:34,1,0,0.5766595945168644
12:09:36,26.1,86.5,1900-01-01 12:09:36,1,0,0.5769824461004518
12:09:38,26.1,87.0,1900-01-01 12:09:38,1,0,0.5768445339840625
12:09:40,25.9,86.6,1900-01-01 12:09:40,1,0,0.582622457037434
12:09:42,26.0,86.7,1900-01-01 12:09:42,1,0,0.5794858464337885
12:09:44,26.2,86.8,1900-01-01 12:09:44,1,0,0.5789325907813371
12:09:46,25.9,85.5,1900-01-01 12:09:46,1,0,0.5834140282799287
12:09:48,26.1,85.9,1900-01-01 12:09:48,1,0,0.5769761712530396
12:09:50,26.0,84.2,1900-01-01 12:09:50,1,0,0.5786031487877304
12:09:52,26.2,83.1,1900-01-01 12:09:52,1,0,0.5724138877072791
12:09:54,25.9,81.1,1900-01-01 12:09:54,1,0,0.5676979503401072
12:09:56,25.9,80.0,1900-01-01 12:09:56,1,0,0.5615199945411034
12:09:58,26.1,77.5,1900-01-01 12:09:58,1,0,0.5377542097835264
12:10:00,26.0,75.3,1900-01-01 12:10:00,1,0,0.5310152997662606
12:10:02,25.9,72.9,1900-01-01 12:10:02,1,0,0.5154784497328376
12:10:04,25.9,70.1,1900-01-01 12:10:04,1,0,0.5018124443377883
12:10:06,26.0,66.4,1900-01-01 12:10:06,1,0,0.4779968013560877
12:10:08,25.9,63.8,1900-01-01 12:10:08,1,0,0.45463255507416106
12:10:10,25.9,61.1,1900-01-01 12:10:10,1,0,0.4422941186374471
12:10:12,25.8,58.6,1900-01-01 12:10:12,1,0,0.4139259177819568
12:10:14,26.0,54.4,1900-01-01 12:10:14,1,0,0.4102125593696266
12:10:16,25.8,51.2,1900-01-01 12:10:16,1,0,0.3871054553351717
12:10:18,25.9,48.0,1900-01-01 12:10:18,1,0,0.38418326766265937
12:10:20,26.0,44.4,1900-01-01 12:10:20,1,0,0.36643867397576174
12:10:22,25.9,44.4,1900-01-01 12:10:22,1,0,0.368022942712909
12:10:24,25.9,44.4,1900-01-01 12:10:24,1,0,0.368022942712909
12:10:26,25.9,44.4,1900-01-01 12:10:26,1,0,0.368022942712909
12:10:28,25.9,44.5,1900-01-01 12:10:28,1,0,0.366778136543235
12:10:30,25.9,44.6,1900-01-01 12:10:30,1,0,0.3663035251756155
12:10:32,25.9,44.8,1900-01-01 12:10:32,1,0,0.36710073790982367
12:10:34,25.9,44.7,1900-01-01 12:10:34,1,0,0.3678327994518612
12:10:36,25.9,44.7,1900-01-01 12:10:36,1,0,0.3678327994518612
12:10:38,25.9,44.5,1900-01-01 12:10:38,1,0,0.366778136543235
12:10:40,25.9,44.5,1900-01-01 12:10:40,1,0,0.366778136543235
12:10:42,25.9,44.5,1900-01-01 12:10:42,1,0,0.366778136543235
12:10:44,25.9,44.5,1900-01-01 12:10:44,1,0,0.366778136543235
12:10:46,26.0,44.5,1900-01-01 12:10:46,1,0,0.36567421983098847
12:10:48,28.1,75.7,1900-01-01 12:10:48,-1,1,0.6326288813131279
12:10:50,27.4,68.0,1900-01-01 12:10:50,1,0,0.5671097496817771
12:10:52,27.1,61.1,1900-01-01 12:10:52,1,0,0.5002691819802971
12:10:54,26.7,56.8,1900-01-01 12:10:54,1,0,0.43719089529820754
12:10:56,26.5,53.5,1900-01-01 12:10:56,1,0,0.4237681983717245
12:10:58,26.4,51.6,1900-01-01 12:10:58,1,0,0.41703212656773914
12:11:00,26.3,49.0,1900-01-01 12:11:00,1,0,0.4050675410590887
12:11:02,25.9,44.6,1900-01-01 12:11:02,1,0,0.3663035251756155
12:11:04,25.9,44.6,1900-01-01 12:11:04,1,0,0.3663035251756155
12:11:06,25.8,44.7,1900-01-01 12:11:06,1,0,0.37009686396140795
12:11:08,25.9,44.0,1900-01-01 12:11:08,1,0,0.3762272922861892
12:11:10,25.8,47.3,1900-01-01 12:11:10,1,0,0.38054955162850057
12:11:12,26.0,48.7,1900-01-01 12:11:12,1,0,0.39057515688334593
12:11:14,26.0,50.8,1900-01-01 12:11:14,1,0,0.39915233130454
12:11:16,25.8,53.2,1900-01-01 12:11:16,1,0,0.39558758440602365
12:11:18,25.9,53.8,1900-01-01 12:11:18,1,0,0.4063944260714716
12:11:20,25.6,56.1,1900-01-01 12:11:20,1,0,0.4114878478546646
12:11:22,25.9,57.7,1900-01-01 12:11:22,1,0,0.4177648725560553
12:11:24,25.7,59.1,1900-01-01 12:11:24,1,0,0.4220644626050275
12:11:26,25.9,60.9,1900-01-01 12:11:26,1,0,0.4412732203765424
12:11:28,25.8,62.0,1900-01-01 12:11:28,1,0,0.4402969638721143
12:11:30,25.9,63.5,1900-01-01 12:11:30,1,0,0.45271020635566633
12:11:32,25.7,65.1,1900-01-01 12:11:32,1,0,0.47435777832082415
12:11:34,25.8,64.8,1900-01-01 12:11:34,1,0,0.4612512696780585
12:11:36,25.6,66.1,1900-01-01 12:11:36,1,0,0.493245583097315
12:11:38,25.9,67.4,1900-01-01 12:11:38,1,0,0.4864211947961821
12:11:40,25.8,67.1,1900-01-01 12:11:40,1,0,0.4821086357374068
12:11:42,25.9,68.3,1900-01-01 12:11:42,1,0,0.49054086985759704
12:11:44,26.0,67.4,1900-01-01 12:11:44,1,0,0.4804503056511669
12:11:46,25.9,67.9,1900-01-01 12:11:46,1,0,0.4880515227129435
12:11:48,25.7,68.4,1900-01-01 12:11:48,1,0,0.49639931991997904
12:11:50,25.9,67.5,1900-01-01 12:11:50,1,0,0.4864211947961821
12:11:52,25.9,66.8,1900-01-01 12:11:52,1,0,0.48430491852279284
12:11:54,26.0,67.0,1900-01-01 12:11:54,1,0,0.4794424578023762
12:11:56,25.9,67.1,1900-01-01 12:11:56,1,0,0.4855991254338817
12:11:58,25.9,66.4,1900-01-01 12:11:58,1,0,0.4837735141468781
12:12:00,25.8,65.7,1900-01-01 12:12:00,1,0,0.4799650983843157
12:12:02,25.8,64.5,1900-01-01 12:12:02,1,0,0.46065389778182125
12:12:04,26.0,63.5,1900-01-01 12:12:04,1,0,0.4494185653747769
12:12:06,26.0,62.7,1900-01-01 12:12:06,1,0,0.44606122834777434
12:12:08,25.9,61.5,1900-01-01 12:12:08,1,0,0.4433133391137397
12:12:10,26.0,60.0,1900-01-01 12:12:10,1,0,0.4316125151159769
12:12:12,26.0,58.5,1900-01-01 12:12:12,1,0,0.4209441734844098
12:12:14,26.2,56.5,1900-01-01 12:12:14,1,0,0.41874356087885123
12:12:16,25.8,55.6,1900-01-01 12:12:16,1,0,0.40341687537712595
12:12:18,25.9,54.0,1900-01-01 12:12:18,1,0,0.4061119163351754
12:12:20,26.0,52.7,1900-01-01 12:12:20,1,0,0.4031550951277509
12:12:22,26.0,50.0,1900-01-01 12:12:22,1,0,0.3960578095460641
12:12:24,26.1,48.5,1900-01-01 12:12:24,1,0,0.39216079335698517
12:12:26,26.1,45.0,1900-01-01 12:12:26,1,0,0.36939093064350487
12:12:28,26.0,45.0,1900-01-01 12:12:28,1,0,0.3667689731797027
12:12:30,26.0,44.8,1900-01-01 12:12:30,1,0,0.36624563385197806
12:12:32,26.1,44.7,1900-01-01 12:12:32,1,0,0.367864249125512
12:12:34,26.1,44.5,1900-01-01 12:12:34,1,0,0.36628233635679347
12:12:36,26.1,44.7,1900-01-01 12:12:36,1,0,0.367864249125512
12:12:38,26.1,44.8,1900-01-01 12:12:38,1,0,0.3686664350291597
12:12:40,26.1,44.8,1900-01-01 12:12:40,1,0,0.3686664350291597
12:12:42,26.1,44.6,1900-01-01 12:12:42,1,0,0.36597833389746126
12:12:44,26.1,44.5,1900-01-01 12:12:44,1,0,0.36628233635679347
12:12:46,26.1,44.4,1900-01-01 12:12:46,1,0,0.3668980311400492
12:12:48,26.1,44.6,1900-01-01 12:12:48,1,0,0.36597833389746126
12:12:50,26.1,44.6,1900-01-01 12:12:50,1,0,0.36597833389746126
12:12:52,26.1,44.6,1900-01-01 12:12:52,1,0,0.36597833389746126
12:12:54,26.1,44.6,1900-01-01 12:12:54,1,0,0.36597833389746126
12:12:56,26.1,44.6,1900-01-01 12:12:56,1,0,0.36597833389746126
12:12:58,26.1,44.6,1900-01-01 12:12:58,1,0,0.36597833389746126
12:13:00,26.1,44.6,1900-01-01 12:13:00,1,0,0.36597833389746126
12:13:02,26.1,44.6,1900-01-01 12:13:02,1,0,0.36597833389746126
12:13:04,26.1,45.0,1900-01-01 12:13:04,1,0,0.36939093064350487
12:13:06,26.1,45.1,1900-01-01 12:13:06,1,0,0.3702500509321938
12:13:08,26.1,45.2,1900-01-01 12:13:08,1,0,0.3705424399485727
12:13:10,26.1,45.2,1900-01-01 12:13:10,1,0,0.3705424399485727
12:13:12,26.0,45.2,1900-01-01 12:13:12,1,0,0.36810290874562374
12:13:14,26.0,45.2,1900-01-01 12:13:14,1,0,0.36810290874562374
12:13:16,26.0,45.2,1900-01-01 12:13:16,1,0,0.36810290874562374
12:13:18,26.0,45.2,1900-01-01 12:13:18,1,0,0.36810290874562374
12:13:20,26.1,45.3,1900-01-01 12:13:20,1,0,0.370660700592675
12:13:22,26.1,45.2,1900-01-01 12:13:22,1,0,0.3705424399485727
12:13:24,26.0,45.2,1900-01-01 12:13:24,1,0,0.36810290874562374
12:13:26,26.0,45.2,1900-01-01 12:13:26,1,0,0.36810290874562374
12:13:28,26.1,45.1,1900-01-01 12:13:28,1,0,0.3702500509321938
12:13:30,26.1,45.1,1900-01-01 12:13:30,1,0,0.3702500509321938
12:13:32,26.0,45.0,1900-01-01 12:13:32,1,0,0.3667689731797027
12:13:34,26.0,44.9,1900-01-01 12:13:34,1,0,0.36693891515313976
12:13:36,26.0,44.8,1900-01-01 12:13:36,1,0,0.36624563385197806
12:13:38,26.0,44.9,1900-01-01 12:13:38,1,0,0.36693891515313976
12:13:40,26.0,44.8,1900-01-01 12:13:40,1,0,0.36624563385197806
12:13:42,26.0,44.8,1900-01-01 12:13:42,1,0,0.36624563385197806
12:13:44,26.0,44.7,1900-01-01 12:13:44,1,0,0.3660496938257162
12:13:46,26.0,44.7,1900-01-01 12:13:46,1,0,0.3660496938257162
12:13:48,26.0,44.8,1900-01-01 12:13:48,1,0,0.36624563385197806
12:13:50,7.2,82.1,1900-01-01 12:13:50,-1,1,0.7878508432385294
12:13:52,25.9,45.5,1900-01-01 12:13:52,1,0,0.3705634510837676
12:13:54,26.0,45.7,1900-01-01 12:13:54,1,0,0.36838335987989296
12:13:56,25.9,46.5,1900-01-01 12:13:56,1,0,0.3718697395298384
12:13:58,25.9,45.5,1900-01-01 12:13:58,1,0,0.3705634510837676
12:14:00,26.0,45.4,1900-01-01 12:14:00,1,0,0.3702536597467406
12:14:02,26.0,45.1,1900-01-01 12:14:02,1,0,0.36751892499112415
12:14:04,26.0,45.0,1900-01-01 12:14:04,1,0,0.3667689731797027
12:14:06,25.9,44.6,1900-01-01 12:14:06,1,0,0.3663035251756155
12:14:08,25.9,44.4,1900-01-01 12:14:08,1,0,0.368022942712909
12:14:10,25.9,44.3,1900-01-01 12:14:10,1,0,0.36906128425543744
12:14:12,25.9,44.4,1900-01-01 12:14:12,1,0,0.368022942712909
12:14:14,25.9,44.6,1900-01-01 12:14:14,1,0,0.3663035251756155
12:14:16,25.8,44.6,1900-01-01 12:14:16,1,0,0.3689903733561302
12:14:18,25.8,44.4,1900-01-01 12:14:18,1,0,0.37114701645124715
12:14:20,25.8,44.6,1900-01-01 12:14:20,1,0,0.3689903733561302
12:14:22,25.8,44.5,1900-01-01 12:14:22,1,0,0.3697457285131508
12:14:24,25.8,44.8,1900-01-01 12:14:24,1,0,0.3700349047357658
12:14:26,25.7,44.6,1900-01-01 12:14:26,1,0,0.38033015512549995
12:14:28,25.7,44.9,1900-01-01 12:14:28,1,0,0.37992109770710353
12:14:30,25.7,45.0,1900-01-01 12:14:30,1,0,0.3796713697623742
12:14:32,25.7,45.3,1900-01-01 12:14:32,1,0,0.3795134877288712
12:14:34,25.7,45.5,1900-01-01 12:14:34,1,0,0.37976689878569225
12:14:36,25.7,45.5,1900-01-01 12:14:36,1,0,0.37976689878569225
12:14:38,25.7,45.4,1900-01-01 12:14:38,1,0,0.3795224050843503
12:14:40,25.7,45.0,1900-01-01 12:14:40,1,0,0.3796713697623742
12:14:42,25.7,45.5,1900-01-01 12:14:42,1,0,0.37976689878569225
12:14:44,25.7,45.7,1900-01-01 12:14:44,1,0,0.37676353243844046
12:14:46,25.7,45.8,1900-01-01 12:14:46,1,0,0.3748528589174303
12:14:48,25.7,46.0,1900-01-01 12:14:48,1,0,0.37433357231358416
12:14:50,25.7,45.9,1900-01-01 12:14:50,1,0,0.37390985997924536
12:14:52,25.7,45.8,1900-01-01 12:14:52,1,0,0.3748528589174303
12:14:54,25.7,45.7,1900-01-01 12:14:54,1,0,0.37676353243844046
12:14:56,25.7,45.7,1900-01-01 12:14:56,1,0,0.37676353243844046
12:14:58,25.7,45.7,1900-01-01 12:14:58,1,0,0.37676353243844046
12:15:00,25.7,45.7,1900-01-01 12:15:00,1,0,0.37676353243844046
12:15:02,25.7,45.9,1900-01-01 12:15:02,1,0,0.37390985997924536
12:15:04,25.7,45.7,1900-01-01 12:15:04,1,0,0.37676353243844046
12:15:06,25.8,45.9,1900-01-01 12:15:06,1,0,0.3674167612243639
12:15:08,25.8,46.0,1900-01-01 12:15:08,1,0,0.3678117122729267
12:15:10,25.8,46.1,1900-01-01 12:15:10,1,0,0.3682667734869114
12:15:12,25.8,46.0,1900-01-01 12:15:12,1,0,0.3678117122729267
12:15:14,25.7,46.0,1900-01-01 12:15:14,1,0,0.37433357231358416
12:15:16,25.8,45.9,1900-01-01 12:15:16,1,0,0.3674167612243639
12:15:18,25.8,45.9,1900-01-01 12:15:18,1,0,0.3674167612243639
12:15:20,25.8,45.8,1900-01-01 12:15:20,1,0,0.36859268501789055
12:15:22,25.8,45.7,1900-01-01 12:15:22,1,0,0.36977523917758054
12:15:24,25.8,45.9,1900-01-01 12:15:24,1,0,0.3674167612243639
12:15:26,25.8,45.9,1900-01-01 12:15:26,1,0,0.3674167612243639
12:15:28,25.8,45.9,1900-01-01 12:15:28,1,0,0.3674167612243639
12:15:30,25.8,45.9,1900-01-01 12:15:30,1,0,0.3674167612243639
12:15:32,25.8,46.0,1900-01-01 12:15:32,1,0,0.3678117122729267
12:15:34,25.8,46.2,1900-01-01 12:15:34,1,0,0.37053937660118735
12:15:36,25.8,45.9,1900-01-01 12:15:36,1,0,0.3674167612243639
12:15:38,25.8,45.8,1900-01-01 12:15:38,1,0,0.36859268501789055
12:15:40,25.8,45.5,1900-01-01 12:15:40,1,0,0.3719259801166364
12:15:42,25.8,45.0,1900-01-01 12:15:42,1,0,0.3699733951959897
12:15:44,25.8,44.8,1900-01-01 12:15:44,1,0,0.3700349047357658
12:15:46,25.8,45.0,1900-01-01 12:15:46,1,0,0.3699733951959897
12:15:48,25.8,45.0,1900-01-01 12:15:48,1,0,0.3699733951959897
12:15:50,25.8,44.8,1900-01-01 12:15:50,1,0,0.3700349047357658
12:15:52,25.8,44.8,1900-01-01 12:15:52,1,0,0.3700349047357658
12:15:54,25.8,44.7,1900-01-01 12:15:54,1,0,0.37009686396140795
12:15:56,25.8,44.5,1900-01-01 12:15:56,1,0,0.3697457285131508
12:15:58,25.9,44.5,1900-01-01 12:15:58,1,0,0.366778136543235
12:16:00,25.8,44.4,1900-01-01 12:16:00,1,0,0.37114701645124715
12:16:02,25.8,35.3,1900-01-01 12:16:02,1,0,0.5172072721003834
12:16:04,25.8,44.5,1900-01-01 12:16:04,1,0,0.3697457285131508
12:16:06,25.9,44.8,1900-01-01 12:16:06,1,0,0.36710073790982367
12:16:08,25.8,44.8,1900-01-01 12:16:08,1,0,0.3700349047357658
12:16:10,25.9,44.9,1900-01-01 12:16:10,1,0,0.366994169024928
12:16:12,25.9,45.1,1900-01-01 12:16:12,1,0,0.36808405598980165
12:16:14,25.9,45.3,1900-01-01 12:16:14,1,0,0.3688511049465064
12:16:16,25.9,45.3,1900-01-01 12:16:16,1,0,0.3688511049465064
12:16:18,25.9,45.3,1900-01-01 12:16:18,1,0,0.3688511049465064
12:16:20,25.9,45.3,1900-01-01 12:16:20,1,0,0.3688511049465064
12:16:22,25.9,45.5,1900-01-01 12:16:22,1,0,0.3705634510837676
12:16:24,25.9,45.4,1900-01-01 12:16:24,1,0,0.3698778904235269
12:16:26,25.9,45.5,1900-01-01 12:16:26,1,0,0.3705634510837676
12:16:28,28.3,72.9,1900-01-01 12:16:28,1,0,0.6303283999929324
12:16:30,27.5,65.4,1900-01-01 12:16:30,1,0,0.5684935193583608
12:16:32,27.1,59.0,1900-01-01 12:16:32,1,0,0.4839265748586888
12:16:34,26.5,53.4,1900-01-01 12:16:34,1,0,0.42326181528818657
12:16:36,26.3,51.8,1900-01-01 12:16:36,1,0,0.418126992354227
12:16:38,26.3,50.4,1900-01-01 12:16:38,1,0,0.4131862694947649
12:16:40,25.9,45.3,1900-01-01 12:16:40,1,0,0.3688511049465064
12:16:42,25.9,45.4,1900-01-01 12:16:42,1,0,0.3698778904235269
12:16:44,25.9,45.5,1900-01-01 12:16:44,1,0,0.3705634510837676
12:16:46,25.9,45.5,1900-01-01 12:16:46,1,0,0.3705634510837676
12:16:48,25.9,45.5,1900-01-01 12:16:48,1,0,0.3705634510837676
12:16:50,25.8,45.4,1900-01-01 12:16:50,1,0,0.3712378987104867
12:16:52,25.8,45.7,1900-01-01 12:16:52,1,0,0.36977523917758054
12:16:54,25.9,45.7,1900-01-01 12:16:54,1,0,0.36896380850381655
12:16:56,25.9,45.5,1900-01-01 12:16:56,1,0,0.3705634510837676
12:16:58,25.9,45.8,1900-01-01 12:16:58,1,0,0.36809650615779305
12:17:00,25.9,46.4,1900-01-01 12:17:00,1,0,0.3708834743566148
12:17:02,25.9,46.2,1900-01-01 12:17:02,1,0,0.3697142586983754
12:17:04,25.9,45.9,1900-01-01 12:17:04,1,0,0.36778657261404335
12:17:06,25.9,45.7,1900-01-01 12:17:06,1,0,0.36896380850381655
12:17:08,25.9,45.7,1900-01-01 12:17:08,1,0,0.36896380850381655
12:17:10,25.9,45.9,1900-01-01 12:17:10,1,0,0.36778657261404335
12:17:12,25.9,45.7,1900-01-01 12:17:12,1,0,0.36896380850381655
12:17:14,25.9,45.5,1900-01-01 12:17:14,1,0,0.3705634510837676
12:17:16,25.9,45.4,1900-01-01 12:17:16,1,0,0.3698778904235269
12:17:18,25.9,45.3,1900-01-01 12:17:18,1,0,0.3688511049465064
12:17:20,26.0,45.3,1900-01-01 12:17:20,1,0,0.36841077547877155
12:17:22,25.9,45.2,1900-01-01 12:17:22,1,0,0.3683157747002705
12:17:24,25.9,45.0,1900-01-01 12:17:24,1,0,0.3671492938948059
12:17:26,25.9,45.0,1900-01-01 12:17:26,1,0,0.3671492938948059
12:17:28,26.0,45.1,1900-01-01 12:17:28,1,0,0.36751892499112415
12:17:30,26.0,45.0,1900-01-01 12:17:30,1,0,0.3667689731797027
12:17:32,25.9,44.8,1900-01-01 12:17:32,1,0,0.36710073790982367
12:17:34,25.9,44.8,1900-01-01 12:17:34,1,0,0.36710073790982367
12:17:36,26.0,44.5,1900-01-01 12:17:36,1,0,0.36567421983098847
12:17:38,25.9,44.4,1900-01-01 12:17:38,1,0,0.368022942712909
12:17:40,25.9,44.5,1900-01-01 12:17:40,1,0,0.366778136543235
12:17:42,25.9,44.4,1900-01-01 12:17:42,1,0,0.368022942712909
12:17:44,25.9,44.4,1900-01-01 12:17:44,1,0,0.368022942712909
12:17:46,25.9,44.3,1900-01-01 12:17:46,1,0,0.36906128425543744
12:17:48,25.9,44.3,1900-01-01 12:17:48,1,0,0.36906128425543744
12:17:50,25.9,44.3,1900-01-01 12:17:50,1,0,0.36906128425543744
12:17:52,25.8,61.2,1900-01-01 12:17:52,1,0,0.4400320917466014
12:17:54,25.9,44.1,1900-01-01 12:17:54,1,0,0.3749048862242902
12:17:56,25.8,43.8,1900-01-01 12:17:56,1,0,0.3819132881337026
12:17:58,25.8,44.2,1900-01-01 12:17:58,1,0,0.37418629338857434
12:18:00,16.7,61.1,1900-01-01 12:18:00,-1,1,0.6731393788529404
12:18:02,25.8,44.5,1900-01-01 12:18:02,1,0,0.3697457285131508
12:18:04,25.8,44.5,1900-01-01 12:18:04,1,0,0.3697457285131508
12:18:06,25.8,44.4,1900-01-01 12:18:06,1,0,0.37114701645124715
12:18:08,25.8,44.2,1900-01-01 12:18:08,1,0,0.37418629338857434
12:18:10,25.9,44.3,1900-01-01 12:18:10,1,0,0.36906128425543744
12:18:12,25.9,44.3,1900-01-01 12:18:12,1,0,0.36906128425543744
12:18:14,25.8,44.2,1900-01-01 12:18:14,1,0,0.37418629338857434
12:18:16,25.8,44.2,1900-01-01 12:18:16,1,0,0.37418629338857434
12:18:18,25.8,44.2,1900-01-01 12:18:18,1,0,0.37418629338857434
12:18:20,25.8,44.2,1900-01-01 12:18:20,1,0,0.37418629338857434
12:18:22,25.8,44.2,1900-01-01 12:18:22,1,0,0.37418629338857434
12:18:24,25.8,44.2,1900-01-01 12:18:24,1,0,0.37418629338857434
12:18:26,25.8,44.2,1900-01-01 12:18:26,1,0,0.37418629338857434
12:18:28,25.8,44.1,1900-01-01 12:18:28,1,0,0.37639992188779703
12:18:30,25.8,43.9,1900-01-01 12:18:30,1,0,0.37959994427201044
12:18:32,25.7,43.6,1900-01-01 12:18:32,1,0,0.3986144528826075
12:18:34,25.8,43.9,1900-01-01 12:18:34,1,0,0.37959994427201044
12:18:36,25.7,43.9,1900-01-01 12:18:36,1,0,0.3895274782338659
12:18:38,25.7,44.1,1900-01-01 12:18:38,1,0,0.3871526352012319
12:18:40,25.7,44.1,1900-01-01 12:18:40,1,0,0.3871526352012319
12:18:42,25.7,44.0,1900-01-01 12:18:42,1,0,0.38767329348108875
12:18:44,25.7,43.8,1900-01-01 12:18:44,1,0,0.3913345535967177
12:18:46,25.7,43.9,1900-01-01 12:18:46,1,0,0.3895274782338659
12:18:48,25.8,43.8,1900-01-01 12:18:48,1,0,0.3819132881337026
12:18:50,25.8,43.9,1900-01-01 12:18:50,1,0,0.37959994427201044
12:18:52,25.8,44.0,1900-01-01 12:18:52,1,0,0.3781796519746259
12:18:54,25.8,44.0,1900-01-01 12:18:54,1,0,0.3781796519746259
12:18:56,26.0,76.1,1900-01-01 12:18:56,1,0,0.5394984134825391
12:18:58,26.0,76.9,1900-01-01 12:18:58,1,0,0.5414188289660542
12:19:00,25.8,44.2,1900-01-01 12:19:00,1,0,0.37418629338857434
12:19:02,25.8,44.3,1900-01-01 12:19:02,1,0,0.37180773910004833
12:19:04,25.8,44.5,1900-01-01 12:19:04,1,0,0.3697457285131508
12:19:06,25.8,44.7,1900-01-01 12:19:06,1,0,0.37009686396140795
12:19:08,25.9,44.7,1900-01-01 12:19:08,1,0,0.3678327994518612
12:19:10,25.8,44.8,1900-01-01 12:19:10,1,0,0.3700349047357658
12:19:12,25.9,44.8,1900-01-01 12:19:12,1,0,0.36710073790982367
12:19:14,25.9,44.7,1900-01-01 12:19:14,1,0,0.3678327994518612
12:19:16,25.9,44.6,1900-01-01 12:19:16,1,0,0.3663035251756155
12:19:18,25.9,44.5,1900-01-01 12:19:18,1,0,0.366778136543235
12:19:20,26.0,44.6,1900-01-01 12:19:20,1,0,0.36504076207687547
12:19:22,25.9,24.0,1900-01-01 12:19:22,1,0,0.6224663410142873
12:19:24,26.0,24.2,1900-01-01 12:19:24,1,0,0.6230973674177266
12:19:26,26.0,44.6,1900-01-01 12:19:26,1,0,0.36504076207687547
12:19:28,26.0,44.6,1900-01-01 12:19:28,1,0,0.36504076207687547
12:19:30,26.0,44.7,1900-01-01 12:19:30,1,0,0.3660496938257162
12:19:32,26.0,44.8,1900-01-01 12:19:32,1,0,0.36624563385197806
12:19:34,26.0,44.8,1900-01-01 12:19:34,1,0,0.36624563385197806
12:19:36,26.0,44.8,1900-01-01 12:19:36,1,0,0.36624563385197806
12:19:38,26.0,44.7,1900-01-01 12:19:38,1,0,0.3660496938257162
12:19:40,26.0,44.7,1900-01-01 12:19:40,1,0,0.3660496938257162
12:19:42,26.0,44.5,1900-01-01 12:19:42,1,0,0.36567421983098847
12:19:44,26.0,44.5,1900-01-01 12:19:44,1,0,0.36567421983098847
12:19:46,26.0,44.7,1900-01-01 12:19:46,1,0,0.3660496938257162
12:19:48,26.0,44.7,1900-01-01 12:19:48,1,0,0.3660496938257162
12:19:50,26.0,44.7,1900-01-01 12:19:50,1,0,0.3660496938257162
12:19:52,11.3,71.7,1900-01-01 12:19:52,-1,1,0.752270290997539
12:19:54,11.5,86.2,1900-01-01 12:19:54,-1,1,0.7756466881074643
12:19:56,26.1,45.0,1900-01-01 12:19:56,1,0,0.36939093064350487
12:19:58,26.1,45.0,1900-01-01 12:19:58,1,0,0.36939093064350487
12:20:00,26.1,45.0,1900-01-01 12:20:00,1,0,0.36939093064350487
12:20:02,26.1,44.9,1900-01-01 12:20:02,1,0,0.36943708831674754
12:20:04,26.1,44.8,1900-01-01 12:20:04,1,0,0.3686664350291597
12:20:06,26.1,44.8,1900-01-01 12:20:06,1,0,0.3686664350291597
12:20:08,26.1,44.8,1900-01-01 12:20:08,1,0,0.3686664350291597
12:20:10,26.1,44.9,1900-01-01 12:20:10,1,0,0.36943708831674754
12:20:12,26.1,44.8,1900-01-01 12:20:12,1,0,0.3686664350291597
12:20:14,26.0,58.4,1900-01-01 12:20:14,1,0,0.4199489056246706
12:20:16,26.2,58.9,1900-01-01 12:20:16,1,0,0.42484525084657965
12:20:18,26.1,44.7,1900-01-01 12:20:18,1,0,0.367864249125512
12:20:20,26.1,44.7,1900-01-01 12:20:20,1,0,0.367864249125512
12:20:22,26.1,44.6,1900-01-01 12:20:22,1,0,0.36597833389746126
12:20:24,26.1,44.1,1900-01-01 12:20:24,1,0,0.37082771400043985
12:20:26,26.1,44.0,1900-01-01 12:20:26,1,0,0.37224658604139377
12:20:28,26.1,43.9,1900-01-01 12:20:28,1,0,0.3735707934358807
12:20:30,26.1,43.9,1900-01-01 12:20:30,1,0,0.3735707934358807
12:20:32,26.0,43.9,1900-01-01 12:20:32,1,0,0.373633860010575
12:20:34,26.0,43.9,1900-01-01 12:20:34,1,0,0.373633860010575
12:20:36,26.0,43.8,1900-01-01 12:20:36,1,0,0.3755764532468079
12:20:38,26.0,43.9,1900-01-01 12:20:38,1,0,0.373633860010575
12:20:40,26.0,44.1,1900-01-01 12:20:40,1,0,0.37139276166796525
12:20:42,26.0,44.2,1900-01-01 12:20:42,1,0,0.3689923189208154
12:20:44,17.5,62.7,1900-01-01 12:20:44,-1,1,0.6768706690779649
12:20:46,18.3,72.4,1900-01-01 12:20:46,-1,1,0.7024710553411947
12:20:48,26.0,44.3,1900-01-01 12:20:48,1,0,0.3663994207958453
12:20:50,25.8,90.0,1900-01-01 12:20:50,1,0,0.5921722243442775
12:20:52,26.1,44.3,1900-01-01 12:20:52,1,0,0.3666076661971663
12:20:54,26.1,44.3,1900-01-01 12:20:54,1,0,0.3666076661971663
12:20:56,26.1,43.6,1900-01-01 12:20:56,1,0,0.3848444955011073
12:20:58,26.1,52.2,1900-01-01 12:20:58,1,0,0.4087417349339983
12:21:00,26.3,60.1,1900-01-01 12:21:00,1,0,0.43850227413395587
12:21:02,26.1,66.1,1900-01-01 12:21:02,1,0,0.4801210021923679
12:21:04,25.8,72.3,1900-01-01 12:21:04,1,0,0.509735721828596
12:21:06,26.1,75.5,1900-01-01 12:21:06,1,0,0.5316380535088929
12:21:08,26.3,78.3,1900-01-01 12:21:08,1,0,0.5525274020908524
12:21:10,26.2,79.3,1900-01-01 12:21:10,1,0,0.555329966840328
12:21:12,26.2,78.8,1900-01-01 12:21:12,1,0,0.5522271226680192
12:21:14,26.1,75.4,1900-01-01 12:21:14,1,0,0.529892377383336
12:21:16,26.2,72.5,1900-01-01 12:21:16,1,0,0.5103317698785124
12:21:18,26.1,66.5,1900-01-01 12:21:18,1,0,0.48044024584599115
12:21:20,26.1,60.5,1900-01-01 12:21:20,1,0,0.43539492862678597
12:21:22,26.0,51.4,1900-01-01 12:21:22,1,0,0.39787432601688283
12:21:24,26.1,44.3,1900-01-01 12:21:24,1,0,0.3666076661971663
12:21:26,26.2,44.0,1900-01-01 12:21:26,1,0,0.38024246060124456
12:21:28,26.1,43.9,1900-01-01 12:21:28,1,0,0.3735707934358807
12:21:30,26.2,44.0,1900-01-01 12:21:30,1,0,0.38024246060124456
12:21:32,26.2,44.0,1900-01-01 12:21:32,1,0,0.38024246060124456
12:21:34,26.1,43.9,1900-01-01 12:21:34,1,0,0.3735707934358807
12:21:36,26.1,44.0,1900-01-01 12:21:36,1,0,0.37224658604139377
12:21:38,26.1,44.1,1900-01-01 12:21:38,1,0,0.37082771400043985
12:21:40,26.1,44.2,1900-01-01 12:21:40,1,0,0.36882016937130235
12:21:42,26.1,44.3,1900-01-01 12:21:42,1,0,0.3666076661971663
12:21:44,26.1,44.4,1900-01-01 12:21:44,1,0,0.3668980311400492
12:21:46,26.1,44.5,1900-01-01 12:21:46,1,0,0.36628233635679347
12:21:48,26.1,44.4,1900-01-01 12:21:48,1,0,0.3668980311400492
12:21:50,26.1,44.3,1900-01-01 12:21:50,1,0,0.3666076661971663
12:21:52,26.1,44.1,1900-01-01 12:21:52,1,0,0.37082771400043985
12:21:54,26.1,44.2,1900-01-01 12:21:54,1,0,0.36882016937130235
12:21:56,26.1,44.0,1900-01-01 12:21:56,1,0,0.37224658604139377
12:21:58,26.1,43.9,1900-01-01 12:21:58,1,0,0.3735707934358807
12:22:00,26.1,44.0,1900-01-01 12:22:00,1,0,0.37224658604139377
12:22:02,26.0,43.9,1900-01-01 12:22:02,1,0,0.373633860010575
12:22:04,26.1,44.1,1900-01-01 12:22:04,1,0,0.37082771400043985
12:22:06,26.0,44.0,1900-01-01 12:22:06,1,0,0.3725505790511236
12:22:08,26.0,44.0,1900-01-01 12:22:08,1,0,0.3725505790511236
12:22:10,26.0,44.1,1900-01-01 12:22:10,1,0,0.37139276166796525
12:22:12,26.0,44.2,1900-01-01 12:22:12,1,0,0.3689923189208154
12:22:14,26.0,44.3,1900-01-01 12:22:14,1,0,0.3663994207958453
12:22:16,26.0,44.2,1900-01-01 12:22:16,1,0,0.3689923189208154
12:22:18,26.0,44.0,1900-01-01 12:22:18,1,0,0.3725505790511236
12:22:20,26.0,44.1,1900-01-01 12:22:20,1,0,0.37139276166796525
12:22:22,26.0,44.0,1900-01-01 12:22:22,1,0,0.3725505790511236
12:22:24,25.9,43.9,1900-01-01 12:22:24,1,0,0.3771670142009533
12:22:26,26.0,44.0,1900-01-01 12:22:26,1,0,0.3725505790511236
12:22:28,26.2,72.1,1900-01-01 12:22:28,1,0,0.5023106741484832
12:22:30,26.2,71.7,1900-01-01 12:22:30,1,0,0.5014764157949495
12:22:32,26.0,43.9,1900-01-01 12:22:32,1,0,0.373633860010575
12:22:34,26.0,43.9,1900-01-01 12:22:34,1,0,0.373633860010575
12:22:36,26.0,43.8,1900-01-01 12:22:36,1,0,0.3755764532468079
12:22:38,26.0,43.9,1900-01-01 12:22:38,1,0,0.373633860010575
12:22:40,26.0,43.9,1900-01-01 12:22:40,1,0,0.373633860010575
12:22:42,26.0,43.9,1900-01-01 12:22:42,1,0,0.373633860010575
12:22:44,26.0,44.0,1900-01-01 12:22:44,1,0,0.3725505790511236
12:22:46,26.0,43.9,1900-01-01 12:22:46,1,0,0.373633860010575
12:22:48,25.9,43.8,1900-01-01 12:22:48,1,0,0.37918227289942885
12:22:50,25.9,43.8,1900-01-01 12:22:50,1,0,0.37918227289942885
12:22:52,25.8,28.9,1900-01-01 12:22:52,1,0,0.5993241935396953
12:22:54,26.0,27.0,1900-01-01 12:22:54,1,0,0.6103678494230017
12:22:56,25.9,44.0,1900-01-01 12:22:56,1,0,0.3762272922861892
12:22:58,26.0,44.0,1900-01-01 12:22:58,1,0,0.3725505790511236
12:23:00,26.0,44.2,1900-01-01 12:23:00,1,0,0.3689923189208154
12:23:02,25.9,44.1,1900-01-01 12:23:02,1,0,0.3749048862242902
12:23:04,25.9,44.1,1900-01-01 12:23:04,1,0,0.3749048862242902
12:23:06,25.9,44.2,1900-01-01 12:23:06,1,0,0.37286740085101705
12:23:08,25.9,44.3,1900-01-01 12:23:08,1,0,0.36906128425543744
12:23:10,25.9,44.4,1900-01-01 12:23:10,1,0,0.368022942712909
12:23:12,25.9,44.5,1900-01-01 12:23:12,1,0,0.366778136543235
12:23:14,26.0,44.3,1900-01-01 12:23:14,1,0,0.3663994207958453
12:23:16,25.9,44.3,1900-01-01 12:23:16,1,0,0.36906128425543744
12:23:18,25.9,56.8,1900-01-01 12:23:18,1,0,0.41462412012367966
12:23:20,25.9,44.4,1900-01-01 12:23:20,1,0,0.368022942712909
12:23:22,25.9,44.0,1900-01-01 12:23:22,1,0,0.3762272922861892
12:23:24,25.9,43.8,1900-01-01 12:23:24,1,0,0.37918227289942885
12:23:26,26.0,43.8,1900-01-01 12:23:26,1,0,0.3755764532468079
12:23:28,26.0,43.7,1900-01-01 12:23:28,1,0,0.3784651300947739
12:23:30,25.9,43.6,1900-01-01 12:23:30,1,0,0.3864364145219955
12:23:32,25.9,43.6,1900-01-01 12:23:32,1,0,0.3864364145219955
12:23:34,25.9,43.6,1900-01-01 12:23:34,1,0,0.3864364145219955
12:23:36,25.9,43.6,1900-01-01 12:23:36,1,0,0.3864364145219955
12:23:38,25.9,43.6,1900-01-01 12:23:38,1,0,0.3864364145219955
12:23:40,25.9,43.8,1900-01-01 12:23:40,1,0,0.37918227289942885
12:23:42,25.9,43.8,1900-01-01 12:23:42,1,0,0.37918227289942885
12:23:44,25.9,43.9,1900-01-01 12:23:44,1,0,0.3771670142009533
12:23:46,25.9,44.1,1900-01-01 12:23:46,1,0,0.3749048862242902
12:23:48,25.9,44.2,1900-01-01 12:23:48,1,0,0.37286740085101705
12:23:50,25.9,44.3,1900-01-01 12:23:50,1,0,0.36906128425543744
12:23:52,25.8,44.3,1900-01-01 12:23:52,1,0,0.37180773910004833
12:23:54,25.8,44.4,1900-01-01 12:23:54,1,0,0.37114701645124715
12:23:56,25.8,44.6,1900-01-01 12:23:56,1,0,0.3689903733561302
12:23:58,25.8,44.6,1900-01-01 12:23:58,1,0,0.3689903733561302
12:24:00,25.9,44.7,1900-01-01 12:24:00,1,0,0.3678327994518612
12:24:02,25.9,44.8,1900-01-01 12:24:02,1,0,0.36710073790982367
12:24:04,25.9,44.8,1900-01-01 12:24:04,1,0,0.36710073790982367
12:24:06,25.9,44.7,1900-01-01 12:24:06,1,0,0.3678327994518612
12:24:08,25.9,44.8,1900-01-01 12:24:08,1,0,0.36710073790982367
12:24:10,25.9,44.8,1900-01-01 12:24:10,1,0,0.36710073790982367
12:24:12,25.9,44.8,1900-01-01 12:24:12,1,0,0.36710073790982367
12:24:14,25.9,44.8,1900-01-01 12:24:14,1,0,0.36710073790982367
12:24:16,26.0,44.8,1900-01-01 12:24:16,1,0,0.36624563385197806
12:24:18,26.0,44.7,1900-01-01 12:24:18,1,0,0.3660496938257162
12:24:20,26.0,44.5,1900-01-01 12:24:20,1,0,0.36567421983098847
12:24:22,26.0,44.4,1900-01-01 12:24:22,1,0,0.36643867397576174
12:24:24,26.0,44.4,1900-01-01 12:24:24,1,0,0.36643867397576174
12:24:26,26.0,44.1,1900-01-01 12:24:26,1,0,0.37139276166796525
12:24:28,26.0,44.0,1900-01-01 12:24:28,1,0,0.3725505790511236
12:24:30,26.0,44.2,1900-01-01 12:24:30,1,0,0.3689923189208154
12:24:32,26.0,43.9,1900-01-01 12:24:32,1,0,0.373633860010575
12:24:34,26.0,43.8,1900-01-01 12:24:34,1,0,0.3755764532468079
12:24:36,26.0,43.7,1900-01-01 12:24:36,1,0,0.3784651300947739
12:24:38,26.0,43.5,1900-01-01 12:24:38,1,0,0.38849867178548136
12:24:40,26.0,43.5,1900-01-01 12:24:40,1,0,0.38849867178548136
12:24:42,26.0,43.6,1900-01-01 12:24:42,1,0,0.3843586355506584
12:24:44,26.0,43.8,1900-01-01 12:24:44,1,0,0.3755764532468079
12:24:46,26.0,43.8,1900-01-01 12:24:46,1,0,0.3755764532468079
12:24:48,26.0,43.7,1900-01-01 12:24:48,1,0,0.3784651300947739
12:24:50,26.0,43.8,1900-01-01 12:24:50,1,0,0.3755764532468079
12:24:52,26.0,43.8,1900-01-01 12:24:52,1,0,0.3755764532468079
12:24:54,26.0,43.7,1900-01-01 12:24:54,1,0,0.3784651300947739
12:24:56,26.0,43.6,1900-01-01 12:24:56,1,0,0.3843586355506584
12:24:58,26.0,43.5,1900-01-01 12:24:58,1,0,0.38849867178548136
12:25:00,26.0,43.5,1900-01-01 12:25:00,1,0,0.38849867178548136
12:25:02,26.0,43.5,1900-01-01 12:25:02,1,0,0.38849867178548136
12:25:04,25.9,43.6,1900-01-01 12:25:04,1,0,0.3864364145219955
12:25:06,25.9,43.7,1900-01-01 12:25:06,1,0,0.3813776022466114
12:25:08,25.9,43.8,1900-01-01 12:25:08,1,0,0.37918227289942885
12:25:10,25.9,43.6,1900-01-01 12:25:10,1,0,0.3864364145219955
12:25:12,25.9,43.5,1900-01-01 12:25:12,1,0,0.3904226269764847
12:25:14,25.9,43.4,1900-01-01 12:25:14,1,0,0.4002080085298124
12:25:16,25.9,43.3,1900-01-01 12:25:16,1,0,0.40555991753013226
12:25:18,25.9,43.5,1900-01-01 12:25:18,1,0,0.3904226269764847
12:25:20,25.9,43.6,1900-01-01 12:25:20,1,0,0.3864364145219955
12:25:22,25.9,43.6,1900-01-01 12:25:22,1,0,0.3864364145219955
12:25:24,25.9,43.6,1900-01-01 12:25:24,1,0,0.3864364145219955
12:25:26,25.9,43.6,1900-01-01 12:25:26,1,0,0.3864364145219955
12:25:28,25.9,43.6,1900-01-01 12:25:28,1,0,0.3864364145219955
12:25:30,25.9,43.6,1900-01-01 12:25:30,1,0,0.3864364145219955
12:25:32,25.9,43.6,1900-01-01 12:25:32,1,0,0.3864364145219955
12:25:34,25.9,43.6,1900-01-01 12:25:34,1,0,0.3864364145219955
12:25:36,25.9,43.6,1900-01-01 12:25:36,1,0,0.3864364145219955
12:25:38,25.9,43.6,1900-01-01 12:25:38,1,0,0.3864364145219955
12:25:40,25.9,44.6,1900-01-01 12:25:40,1,0,0.3663035251756155
12:25:42,25.9,44.6,1900-01-01 12:25:42,1,0,0.3663035251756155
12:25:44,25.9,44.5,1900-01-01 12:25:44,1,0,0.366778136543235
12:25:46,25.9,44.4,1900-01-01 12:25:46,1,0,0.368022942712909
12:25:48,25.9,44.2,1900-01-01 12:25:48,1,0,0.37286740085101705
12:25:50,25.9,44.3,1900-01-01 12:25:50,1,0,0.36906128425543744
12:25:52,25.9,44.4,1900-01-01 12:25:52,1,0,0.368022942712909
12:25:54,25.9,44.5,1900-01-01 12:25:54,1,0,0.366778136543235
12:25:56,25.9,44.5,1900-01-01 12:25:56,1,0,0.366778136543235
12:25:58,25.9,44.6,1900-01-01 12:25:58,1,0,0.3663035251756155
12:26:00,25.9,44.7,1900-01-01 12:26:00,1,0,0.3678327994518612
12:26:02,25.9,44.8,1900-01-01 12:26:02,1,0,0.36710073790982367
12:26:04,25.9,44.8,1900-01-01 12:26:04,1,0,0.36710073790982367
12:26:06,25.9,44.9,1900-01-01 12:26:06,1,0,0.366994169024928
12:26:08,25.9,44.8,1900-01-01 12:26:08,1,0,0.36710073790982367
12:26:10,25.9,44.8,1900-01-01 12:26:10,1,0,0.36710073790982367
12:26:12,25.9,44.6,1900-01-01 12:26:12,1,0,0.3663035251756155
12:26:14,25.9,44.6,1900-01-01 12:26:14,1,0,0.3663035251756155
12:26:16,25.9,44.7,1900-01-01 12:26:16,1,0,0.3678327994518612
12:26:18,25.9,44.8,1900-01-01 12:26:18,1,0,0.36710073790982367
12:26:20,25.9,44.9,1900-01-01 12:26:20,1,0,0.366994169024928
12:26:22,25.8,44.8,1900-01-01 12:26:22,1,0,0.3700349047357658
12:26:24,25.8,44.8,1900-01-01 12:26:24,1,0,0.3700349047357658
12:26:26,25.8,44.8,1900-01-01 12:26:26,1,0,0.3700349047357658
12:26:28,25.8,44.9,1900-01-01 12:26:28,1,0,0.37015928016669314
12:26:30,25.8,44.8,1900-01-01 12:26:30,1,0,0.3700349047357658
12:26:32,25.8,44.8,1900-01-01 12:26:32,1,0,0.3700349047357658
12:26:34,25.8,45.0,1900-01-01 12:26:34,1,0,0.3699733951959897
12:26:36,25.8,44.9,1900-01-01 12:26:36,1,0,0.37015928016669314
12:26:38,25.8,45.1,1900-01-01 12:26:38,1,0,0.3709963107669776
12:26:40,25.8,45.1,1900-01-01 12:26:40,1,0,0.3709963107669776
12:26:42,25.8,45.2,1900-01-01 12:26:42,1,0,0.3711856084949801
12:26:44,25.9,45.2,1900-01-01 12:26:44,1,0,0.3683157747002705
12:26:46,25.9,45.2,1900-01-01 12:26:46,1,0,0.3683157747002705
12:26:48,25.9,45.1,1900-01-01 12:26:48,1,0,0.36808405598980165
12:26:50,25.9,45.1,1900-01-01 12:26:50,1,0,0.36808405598980165
12:26:52,25.9,45.1,1900-01-01 12:26:52,1,0,0.36808405598980165
12:26:54,25.9,45.0,1900-01-01 12:26:54,1,0,0.3671492938948059
12:26:56,25.9,45.0,1900-01-01 12:26:56,1,0,0.3671492938948059
12:26:58,25.9,45.2,1900-01-01 12:26:58,1,0,0.3683157747002705
12:27:00,25.9,45.2,1900-01-01 12:27:00,1,0,0.3683157747002705
12:27:02,25.9,45.1,1900-01-01 12:27:02,1,0,0.36808405598980165
12:27:04,25.9,45.1,1900-01-01 12:27:04,1,0,0.36808405598980165
12:27:06,25.9,45.1,1900-01-01 12:27:06,1,0,0.36808405598980165
12:27:08,25.9,45.1,1900-01-01 12:27:08,1,0,0.36808405598980165
12:27:10,25.9,45.1,1900-01-01 12:27:10,1,0,0.36808405598980165
12:27:12,25.9,45.0,1900-01-01 12:27:12,1,0,0.3671492938948059
12:27:14,25.9,45.3,1900-01-01 12:27:14,1,0,0.3688511049465064
12:27:16,25.9,45.5,1900-01-01 12:27:16,1,0,0.3705634510837676
12:27:18,25.8,45.5,1900-01-01 12:27:18,1,0,0.3719259801166364
12:27:20,25.8,45.7,1900-01-01 12:27:20,1,0,0.36977523917758054
12:27:22,25.8,46.1,1900-01-01 12:27:22,1,0,0.3682667734869114
12:27:24,25.8,46.2,1900-01-01 12:27:24,1,0,0.37053937660118735
12:27:26,25.8,46.5,1900-01-01 12:27:26,1,0,0.3723615571760516
12:27:28,25.8,46.7,1900-01-01 12:27:28,1,0,0.374571847712517
12:27:30,25.8,46.8,1900-01-01 12:27:30,1,0,0.37504665118482544
12:27:32,25.7,46.6,1900-01-01 12:27:32,1,0,0.37787955389906014
12:27:34,25.7,46.7,1900-01-01 12:27:34,1,0,0.37886851327674764
12:27:36,25.8,46.6,1900-01-01 12:27:36,1,0,0.37321778201558653
12:27:38,25.8,46.4,1900-01-01 12:27:38,1,0,0.37130968501392364
12:27:40,25.7,46.2,1900-01-01 12:27:40,1,0,0.3748760951288447
12:27:42,25.8,46.2,1900-01-01 12:27:42,1,0,0.37053937660118735
12:27:44,25.7,46.2,1900-01-01 12:27:44,1,0,0.3748760951288447
12:27:46,25.8,46.1,1900-01-01 12:27:46,1,0,0.3682667734869114
12:27:48,25.8,46.0,1900-01-01 12:27:48,1,0,0.3678117122729267
12:27:50,25.8,46.0,1900-01-01 12:27:50,1,0,0.3678117122729267
12:27:52,25.8,46.3,1900-01-01 12:27:52,1,0,0.3710668928986836
12:27:54,25.7,46.3,1900-01-01 12:27:54,1,0,0.37579398288200766
12:27:56,25.8,46.7,1900-01-01 12:27:56,1,0,0.374571847712517
12:27:58,25.8,46.9,1900-01-01 12:27:58,1,0,0.37583215196449743
12:28:00,25.7,46.8,1900-01-01 12:28:00,1,0,0.3793487631587147
12:28:02,25.7,46.9,1900-01-01 12:28:02,1,0,0.38016994588251096
12:28:04,25.7,46.9,1900-01-01 12:28:04,1,0,0.38016994588251096
12:28:06,25.7,46.9,1900-01-01 12:28:06,1,0,0.38016994588251096
12:28:08,25.7,46.8,1900-01-01 12:28:08,1,0,0.3793487631587147
12:28:10,25.7,46.7,1900-01-01 12:28:10,1,0,0.37886851327674764
12:28:12,25.7,46.5,1900-01-01 12:28:12,1,0,0.37701263416481434
12:28:14,25.7,46.4,1900-01-01 12:28:14,1,0,0.3760398679710427
12:28:16,25.7,46.3,1900-01-01 12:28:16,1,0,0.37579398288200766
12:28:18,25.7,46.2,1900-01-01 12:28:18,1,0,0.3748760951288447
12:28:20,25.7,46.3,1900-01-01 12:28:20,1,0,0.37579398288200766
12:28:22,25.7,46.3,1900-01-01 12:28:22,1,0,0.37579398288200766
12:28:24,25.7,46.3,1900-01-01 12:28:24,1,0,0.37579398288200766
12:28:26,25.7,46.3,1900-01-01 12:28:26,1,0,0.37579398288200766
12:28:28,25.7,46.2,1900-01-01 12:28:28,1,0,0.3748760951288447
12:28:30,25.7,45.9,1900-01-01 12:28:30,1,0,0.37390985997924536
12:28:32,25.7,45.7,1900-01-01 12:28:32,1,0,0.37676353243844046
12:28:34,25.7,45.7,1900-01-01 12:28:34,1,0,0.37676353243844046
12:28:36,25.7,45.7,1900-01-01 12:28:36,1,0,0.37676353243844046
12:28:38,25.7,45.7,1900-01-01 12:28:38,1,0,0.37676353243844046
12:28:40,26.7,80.1,1900-01-01 12:28:40,1,0,0.5739827761035469
12:28:42,26.4,73.3,1900-01-01 12:28:42,1,0,0.5294571673210765
12:28:44,26.3,66.2,1900-01-01 12:28:44,1,0,0.4869309888263422
12:28:46,26.3,62.3,1900-01-01 12:28:46,1,0,0.450198519055099
12:28:48,26.1,58.9,1900-01-01 12:28:48,1,0,0.4270449072500116
12:28:50,26.0,56.2,1900-01-01 12:28:50,1,0,0.4192802174400036
12:28:52,25.8,53.4,1900-01-01 12:28:52,1,0,0.3953200257834601
12:28:54,25.8,50.5,1900-01-01 12:28:54,1,0,0.3870881777803262
12:28:56,26.2,49.3,1900-01-01 12:28:56,1,0,0.39808030262303196
12:28:58,25.7,45.1,1900-01-01 12:28:58,1,0,0.3809787764835809
12:29:00,25.7,45.1,1900-01-01 12:29:00,1,0,0.3809787764835809
12:29:02,25.7,45.2,1900-01-01 12:29:02,1,0,0.3808580715889035
12:29:04,25.7,45.6,1900-01-01 12:29:04,1,0,0.37863718838617744
12:29:06,25.7,45.9,1900-01-01 12:29:06,1,0,0.37390985997924536
12:29:08,25.7,46.1,1900-01-01 12:29:08,1,0,0.37451628178331947
12:29:10,25.7,46.2,1900-01-01 12:29:10,1,0,0.3748760951288447
12:29:12,25.7,46.0,1900-01-01 12:29:12,1,0,0.37433357231358416
12:29:14,25.8,46.1,1900-01-01 12:29:14,1,0,0.3682667734869114
12:29:16,25.8,46.0,1900-01-01 12:29:16,1,0,0.3678117122729267
12:29:18,25.8,45.9,1900-01-01 12:29:18,1,0,0.3674167612243639
12:29:20,25.8,45.9,1900-01-01 12:29:20,1,0,0.3674167612243639
12:29:22,25.8,45.7,1900-01-01 12:29:22,1,0,0.36977523917758054
12:29:24,25.8,45.6,1900-01-01 12:29:24,1,0,0.37173987792884766
12:29:26,25.8,45.6,1900-01-01 12:29:26,1,0,0.37173987792884766
12:29:28,25.8,45.4,1900-01-01 12:29:28,1,0,0.3712378987104867
12:29:30,25.8,45.5,1900-01-01 12:29:30,1,0,0.3719259801166364
12:29:32,25.7,45.3,1900-01-01 12:29:32,1,0,0.3795134877288712
12:29:34,25.7,45.8,1900-01-01 12:29:34,1,0,0.3748528589174303
12:29:36,25.8,46.0,1900-01-01 12:29:36,1,0,0.3678117122729267
12:29:38,25.7,46.1,1900-01-01 12:29:38,1,0,0.37451628178331947
12:29:40,25.8,46.6,1900-01-01 12:29:40,1,0,0.37321778201558653
12:29:42,25.8,46.8,1900-01-01 12:29:42,1,0,0.37504665118482544
12:29:44,25.8,47.0,1900-01-01 12:29:44,1,0,0.3780701591648556
12:29:46,25.7,46.9,1900-01-01 12:29:46,1,0,0.38016994588251096
12:29:48,25.7,46.8,1900-01-01 12:29:48,1,0,0.3793487631587147
12:29:50,25.7,47.0,1900-01-01 12:29:50,1,0,0.38169759087141764
12:29:52,25.7,46.9,1900-01-01 12:29:52,1,0,0.38016994588251096
12:29:54,25.8,47.2,1900-01-01 12:29:54,1,0,0.3792994692752951
12:29:56,25.7,47.1,1900-01-01 12:29:56,1,0,0.3814618023406722
12:29:58,25.7,46.9,1900-01-01 12:29:58,1,0,0.38016994588251096
12:30:00,25.7,46.7,1900-01-01 12:30:00,1,0,0.37886851327674764
12:30:02,25.8,46.8,1900-01-01 12:30:02,1,0,0.37504665118482544
12:30:04,25.8,46.7,1900-01-01 12:30:04,1,0,0.374571847712517
12:30:06,25.8,46.7,1900-01-01 12:30:06,1,0,0.374571847712517
12:30:08,25.8,46.6,1900-01-01 12:30:08,1,0,0.37321778201558653
12:30:10,25.8,46.5,1900-01-01 12:30:10,1,0,0.3723615571760516
12:30:12,25.9,46.7,1900-01-01 12:30:12,1,0,0.3744197867607796
12:30:14,25.9,46.7,1900-01-01 12:30:14,1,0,0.3744197867607796
12:30:16,25.9,46.5,1900-01-01 12:30:16,1,0,0.3718697395298384
12:30:18,25.9,46.4,1900-01-01 12:30:18,1,0,0.3708834743566148
12:30:20,26.0,46.3,1900-01-01 12:30:20,1,0,0.37033357878371437
12:30:22,25.9,46.2,1900-01-01 12:30:22,1,0,0.3697142586983754
12:30:24,26.0,46.3,1900-01-01 12:30:24,1,0,0.37033357878371437
12:30:26,26.0,46.3,1900-01-01 12:30:26,1,0,0.37033357878371437
12:30:28,26.0,46.2,1900-01-01 12:30:28,1,0,0.369167519505884
12:30:30,26.0,46.1,1900-01-01 12:30:30,1,0,0.3677734054471275
12:30:32,26.0,46.1,1900-01-01 12:30:32,1,0,0.3677734054471275
12:30:34,26.0,46.2,1900-01-01 12:30:34,1,0,0.369167519505884
12:30:36,26.0,46.2,1900-01-01 12:30:36,1,0,0.369167519505884
12:30:38,26.2,71.7,1900-01-01 12:30:38,1,0,0.5014764157949495
12:30:40,26.0,46.1,1900-01-01 12:30:40,1,0,0.3677734054471275
12:30:42,26.0,46.3,1900-01-01 12:30:42,1,0,0.37033357878371437
12:30:44,26.0,46.4,1900-01-01 12:30:44,1,0,0.3712276968941477
12:30:46,25.9,83.0,1900-01-01 12:30:46,1,0,0.5765257781348737
12:30:48,26.0,46.5,1900-01-01 12:30:48,1,0,0.3720889809849155
12:30:50,26.0,46.5,1900-01-01 12:30:50,1,0,0.3720889809849155
12:30:52,26.0,46.7,1900-01-01 12:30:52,1,0,0.3749569682062472
12:30:54,26.0,46.7,1900-01-01 12:30:54,1,0,0.3749569682062472
12:30:56,26.0,46.7,1900-01-01 12:30:56,1,0,0.3749569682062472
12:30:58,34.7,20.0,1900-01-01 12:30:58,-1,1,0.7771681352193623
12:31:00,35.0,24.4,1900-01-01 12:31:00,-1,1,0.7766424917362086
12:31:02,26.0,46.3,1900-01-01 12:31:02,1,0,0.37033357878371437
12:31:04,26.0,46.1,1900-01-01 12:31:04,1,0,0.3677734054471275
12:31:06,26.1,46.0,1900-01-01 12:31:06,1,0,0.3707962057069903
12:31:08,26.1,46.4,1900-01-01 12:31:08,1,0,0.3734017795417478
12:31:10,26.1,46.4,1900-01-01 12:31:10,1,0,0.3734017795417478
12:31:12,26.1,46.2,1900-01-01 12:31:12,1,0,0.3715170660190883
12:31:14,26.1,45.9,1900-01-01 12:31:14,1,0,0.3694960436549568
12:31:16,26.1,46.0,1900-01-01 12:31:16,1,0,0.3707962057069903
12:31:18,26.1,47.4,1900-01-01 12:31:18,1,0,0.38349102392063955
12:31:20,26.1,46.6,1900-01-01 12:31:20,1,0,0.3756812422393415
12:31:22,26.1,46.4,1900-01-01 12:31:22,1,0,0.3734017795417478
12:31:24,26.1,46.3,1900-01-01 12:31:24,1,0,0.3724866524733926
12:31:26,26.1,46.2,1900-01-01 12:31:26,1,0,0.3715170660190883
12:31:28,26.1,46.2,1900-01-01 12:31:28,1,0,0.3715170660190883
12:31:30,26.1,46.2,1900-01-01 12:31:30,1,0,0.3715170660190883
12:31:32,26.1,46.2,1900-01-01 12:31:32,1,0,0.3715170660190883
12:31:34,26.1,46.2,1900-01-01 12:31:34,1,0,0.3715170660190883
12:31:36,26.1,46.2,1900-01-01 12:31:36,1,0,0.3715170660190883
12:31:38,26.1,46.2,1900-01-01 12:31:38,1,0,0.3715170660190883
12:31:40,26.1,46.2,1900-01-01 12:31:40,1,0,0.3715170660190883
12:31:42,26.1,45.8,1900-01-01 12:31:42,1,0,0.36980741776901843
12:31:44,26.2,45.8,1900-01-01 12:31:44,1,0,0.3741106216066749
12:31:46,26.1,45.6,1900-01-01 12:31:46,1,0,0.37242148883012527
12:31:48,26.1,45.4,1900-01-01 12:31:48,1,0,0.37192911923158034
12:31:50,26.1,45.5,1900-01-01 12:31:50,1,0,0.37309417279565055
12:31:52,26.1,45.3,1900-01-01 12:31:52,1,0,0.370660700592675
12:31:54,26.1,45.2,1900-01-01 12:31:54,1,0,0.3705424399485727
12:31:56,26.1,44.6,1900-01-01 12:31:56,1,0,0.36597833389746126
12:31:58,26.1,44.2,1900-01-01 12:31:58,1,0,0.36882016937130235
12:32:00,26.1,44.1,1900-01-01 12:32:00,1,0,0.37082771400043985
12:32:02,26.1,44.4,1900-01-01 12:32:02,1,0,0.3668980311400492
12:32:04,26.1,44.6,1900-01-01 12:32:04,1,0,0.36597833389746126
12:32:06,26.0,44.7,1900-01-01 12:32:06,1,0,0.3660496938257162
12:32:08,26.1,44.9,1900-01-01 12:32:08,1,0,0.36943708831674754
12:32:10,26.0,44.9,1900-01-01 12:32:10,1,0,0.36693891515313976
12:32:12,26.0,45.1,1900-01-01 12:32:12,1,0,0.36751892499112415
12:32:14,26.0,45.4,1900-01-01 12:32:14,1,0,0.3702536597467406
12:32:16,12.5,87.0,1900-01-01 12:32:16,-1,1,0.7675549168411309
12:32:18,12.4,88.2,1900-01-01 12:32:18,-1,1,0.7685942541895671
12:32:20,26.0,45.8,1900-01-01 12:32:20,1,0,0.3674324058428871
12:32:22,26.0,45.7,1900-01-01 12:32:22,1,0,0.36838335987989296
12:32:24,26.0,45.4,1900-01-01 12:32:24,1,0,0.3702536597467406
12:32:26,26.0,45.2,1900-01-01 12:32:26,1,0,0.36810290874562374
12:32:28,26.0,45.2,1900-01-01 12:32:28,1,0,0.36810290874562374
12:32:30,26.0,45.2,1900-01-01 12:32:30,1,0,0.36810290874562374
12:32:32,26.0,45.2,1900-01-01 12:32:32,1,0,0.36810290874562374
12:32:34,26.0,45.4,1900-01-01 12:32:34,1,0,0.3702536597467406
12:32:36,26.0,45.4,1900-01-01 12:32:36,1,0,0.3702536597467406
12:32:38,26.0,45.5,1900-01-01 12:32:38,1,0,0.3708172631829787
12:32:40,25.9,45.4,1900-01-01 12:32:40,1,0,0.3698778904235269
12:32:42,25.9,45.1,1900-01-01 12:32:42,1,0,0.36808405598980165
12:32:44,25.9,45.1,1900-01-01 12:32:44,1,0,0.36808405598980165
12:32:46,25.9,45.5,1900-01-01 12:32:46,1,0,0.3705634510837676
12:32:48,25.9,45.9,1900-01-01 12:32:48,1,0,0.36778657261404335
12:32:50,25.8,46.3,1900-01-01 12:32:50,1,0,0.3710668928986836
12:32:52,25.8,46.4,1900-01-01 12:32:52,1,0,0.37130968501392364
12:32:54,26.0,28.0,1900-01-01 12:32:54,1,0,0.6083065054113503
12:32:56,25.8,46.5,1900-01-01 12:32:56,1,0,0.3723615571760516
12:32:58,25.8,46.5,1900-01-01 12:32:58,1,0,0.3723615571760516
12:33:00,25.8,46.7,1900-01-01 12:33:00,1,0,0.374571847712517
12:33:02,25.8,46.7,1900-01-01 12:33:02,1,0,0.374571847712517
12:33:04,25.8,46.8,1900-01-01 12:33:04,1,0,0.37504665118482544
12:33:06,25.7,46.9,1900-01-01 12:33:06,1,0,0.38016994588251096
12:33:08,25.7,47.2,1900-01-01 12:33:08,1,0,0.38219485335124626
12:33:10,25.7,47.2,1900-01-01 12:33:10,1,0,0.38219485335124626
12:33:12,25.7,47.3,1900-01-01 12:33:12,1,0,0.3832385321616642
12:33:14,25.7,47.3,1900-01-01 12:33:14,1,0,0.3832385321616642
12:33:16,25.7,47.3,1900-01-01 12:33:16,1,0,0.3832385321616642
12:33:18,25.7,47.4,1900-01-01 12:33:18,1,0,0.38193975901407284
12:33:20,25.7,47.0,1900-01-01 12:33:20,1,0,0.38169759087141764
12:33:22,25.7,46.9,1900-01-01 12:33:22,1,0,0.38016994588251096
12:33:24,25.7,47.0,1900-01-01 12:33:24,1,0,0.38169759087141764
12:33:26,25.7,46.9,1900-01-01 12:33:26,1,0,0.38016994588251096
12:33:28,25.7,47.0,1900-01-01 12:33:28,1,0,0.38169759087141764
12:33:30,25.7,46.9,1900-01-01 12:33:30,1,0,0.38016994588251096
12:33:32,25.7,47.2,1900-01-01 12:33:32,1,0,0.38219485335124626
12:33:34,25.7,47.3,1900-01-01 12:33:34,1,0,0.3832385321616642
12:33:36,25.7,47.7,1900-01-01 12:33:36,1,0,0.3840069031218605
12:33:38,25.7,47.7,1900-01-01 12:33:38,1,0,0.3840069031218605
12:33:40,25.7,47.6,1900-01-01 12:33:40,1,0,0.3849339048408961
12:33:42,25.7,47.8,1900-01-01 12:33:42,1,0,0.38493773250180285
12:33:44,25.7,47.9,1900-01-01 12:33:44,1,0,0.384449991319824
12:33:46,25.7,48.1,1900-01-01 12:33:46,1,0,0.3840884661257168
12:33:48,25.7,48.0,1900-01-01 12:33:48,1,0,0.3840884661257168
12:33:50,25.7,48.0,1900-01-01 12:33:50,1,0,0.3840884661257168
12:33:52,25.3,57.0,1900-01-01 12:33:52,1,0,0.4030202746144066
12:33:54,25.2,57.0,1900-01-01 12:33:54,1,0,0.39993551960653345
12:33:56,25.2,57.0,1900-01-01 12:33:56,1,0,0.39993551960653345
12:33:58,25.2,57.0,1900-01-01 12:33:58,1,0,0.39993551960653345
12:34:00,25.2,57.3,1900-01-01 12:34:00,1,0,0.39977069958276146
12:34:02,25.2,57.6,1900-01-01 12:34:02,1,0,0.4008268998707473
12:34:04,25.2,57.7,1900-01-01 12:34:04,1,0,0.4017557470769272
12:34:06,27.4,79.1,1900-01-01 12:34:06,1,0,0.6191852836425613
12:34:08,26.9,72.6,1900-01-01 12:34:08,1,0,0.555755731729706
12:34:10,26.4,67.8,1900-01-01 12:34:10,1,0,0.4960633369766353
12:34:12,26.1,63.4,1900-01-01 12:34:12,1,0,0.4521943055472637
12:34:14,25.4,63.2,1900-01-01 12:34:14,1,0,0.46215110109076707
12:34:16,25.1,63.3,1900-01-01 12:34:16,1,0,0.4614499891619879
12:34:18,25.0,62.1,1900-01-01 12:34:18,1,0,0.4509086503422157
12:34:20,24.9,62.4,1900-01-01 12:34:20,1,0,0.4498850367831189
12:34:22,24.7,60.3,1900-01-01 12:34:22,1,0,0.4249344571822469
12:34:24,24.8,60.2,1900-01-01 12:34:24,1,0,0.42918962784057285
12:34:26,24.8,59.7,1900-01-01 12:34:26,1,0,0.4269681995991413
12:34:28,24.8,59.7,1900-01-01 12:34:28,1,0,0.4269681995991413
12:34:30,24.8,59.8,1900-01-01 12:34:30,1,0,0.4287991220318662
12:34:32,24.9,60.0,1900-01-01 12:34:32,1,0,0.4279756447725931
12:34:34,24.9,59.9,1900-01-01 12:34:34,1,0,0.4276561750832301
12:34:36,24.9,59.8,1900-01-01 12:34:36,1,0,0.4277814640065908
12:34:38,24.9,59.4,1900-01-01 12:34:38,1,0,0.4185863937989468
12:34:40,24.9,59.6,1900-01-01 12:34:40,1,0,0.4237010108327316
12:34:42,24.9,59.7,1900-01-01 12:34:42,1,0,0.42595488685540117
12:34:44,24.9,59.7,1900-01-01 12:34:44,1,0,0.42595488685540117
12:34:46,24.9,59.6,1900-01-01 12:34:46,1,0,0.4237010108327316
12:34:48,25.0,59.4,1900-01-01 12:34:48,1,0,0.4206578415807743
12:34:50,25.0,59.2,1900-01-01 12:34:50,1,0,0.416515961065605
12:34:52,30.0,42.1,1900-01-01 12:34:52,-1,1,0.6907253370352374
12:34:54,30.0,44.5,1900-01-01 12:34:54,-1,1,0.6661748905609762
12:34:56,25.0,58.6,1900-01-01 12:34:56,1,0,0.40678032693802885
12:34:58,25.0,58.5,1900-01-01 12:34:58,1,0,0.4064476778672172
12:35:00,25.1,59.0,1900-01-01 12:35:00,1,0,0.41558845209693246
12:35:02,25.1,58.9,1900-01-01 12:35:02,1,0,0.4132268620176901
12:35:04,25.1,58.6,1900-01-01 12:35:04,1,0,0.4091405517579447
12:35:06,25.1,58.6,1900-01-01 12:35:06,1,0,0.4091405517579447
12:35:08,25.2,58.3,1900-01-01 12:35:08,1,0,0.4064093950908435
12:35:10,25.2,58.8,1900-01-01 12:35:10,1,0,0.41199422168729066
12:35:12,25.4,58.3,1900-01-01 12:35:12,1,0,0.41647128819673956
12:35:14,25.3,58.0,1900-01-01 12:35:14,1,0,0.4084611750934497
12:35:16,25.3,58.0,1900-01-01 12:35:16,1,0,0.4084611750934497
12:35:18,25.4,58.1,1900-01-01 12:35:18,1,0,0.415061636897202
12:35:20,25.3,57.7,1900-01-01 12:35:20,1,0,0.4059000964246263
12:35:22,25.4,57.6,1900-01-01 12:35:22,1,0,0.41157676460976933
12:35:24,25.4,57.4,1900-01-01 12:35:24,1,0,0.41183979889044114
12:35:26,25.4,57.2,1900-01-01 12:35:26,1,0,0.4104950520515739
12:35:28,25.4,57.2,1900-01-01 12:35:28,1,0,0.4104950520515739
12:35:30,25.4,57.0,1900-01-01 12:35:30,1,0,0.40960155149152233
12:35:32,25.5,57.1,1900-01-01 12:35:32,1,0,0.4138835156092661
12:35:34,25.5,57.1,1900-01-01 12:35:34,1,0,0.4138835156092661
12:35:36,25.5,56.9,1900-01-01 12:35:36,1,0,0.4132524350357372
12:35:38,25.5,56.8,1900-01-01 12:35:38,1,0,0.41264795811894556
12:35:40,25.6,56.0,1900-01-01 12:35:40,1,0,0.4111098277241846
12:35:42,25.6,55.9,1900-01-01 12:35:42,1,0,0.4111558806442988
12:35:44,25.6,55.7,1900-01-01 12:35:44,1,0,0.4101670107636787
12:35:46,25.6,55.5,1900-01-01 12:35:46,1,0,0.4091626740309911
12:35:48,25.6,55.3,1900-01-01 12:35:48,1,0,0.41095710365931626
12:35:50,25.6,55.2,1900-01-01 12:35:50,1,0,0.41079603192135217
12:35:52,25.7,55.2,1900-01-01 12:35:52,1,0,0.4061609900496245
12:35:54,25.6,55.1,1900-01-01 12:35:54,1,0,0.40975043698948377
12:35:56,25.6,55.0,1900-01-01 12:35:56,1,0,0.40902924571354166
12:35:58,25.6,54.8,1900-01-01 12:35:58,1,0,0.40748372505529706
12:36:00,25.6,54.8,1900-01-01 12:36:00,1,0,0.40748372505529706
12:36:02,25.7,54.7,1900-01-01 12:36:02,1,0,0.4024534213019615
12:36:04,25.7,54.7,1900-01-01 12:36:04,1,0,0.4024534213019615
12:36:06,25.7,54.7,1900-01-01 12:36:06,1,0,0.4024534213019615
12:36:08,25.7,54.6,1900-01-01 12:36:08,1,0,0.40254638745031707
12:36:10,25.7,54.5,1900-01-01 12:36:10,1,0,0.40175030483618307
12:36:12,25.7,54.5,1900-01-01 12:36:12,1,0,0.40175030483618307
12:36:14,25.7,54.4,1900-01-01 12:36:14,1,0,0.4000014705445922
12:36:16,25.7,54.4,1900-01-01 12:36:16,1,0,0.4000014705445922
12:36:18,25.7,54.3,1900-01-01 12:36:18,1,0,0.4000651818259787
12:36:20,25.7,54.2,1900-01-01 12:36:20,1,0,0.40102717617646033
12:36:22,25.7,54.1,1900-01-01 12:36:22,1,0,0.4009078151300042
12:36:24,25.7,54.1,1900-01-01 12:36:24,1,0,0.4009078151300042
12:36:26,25.8,54.2,1900-01-01 12:36:26,1,0,0.3989665793855578
12:36:28,25.8,54.1,1900-01-01 12:36:28,1,0,0.3983052980095636
12:36:30,25.8,54.1,1900-01-01 12:36:30,1,0,0.3983052980095636
12:36:32,25.8,54.0,1900-01-01 12:36:32,1,0,0.39643189913817056
12:36:34,25.8,53.9,1900-01-01 12:36:34,1,0,0.39682198668167235
12:36:36,25.8,53.9,1900-01-01 12:36:36,1,0,0.39682198668167235
12:36:38,25.8,53.8,1900-01-01 12:36:38,1,0,0.39682198668167235
12:36:40,25.8,53.8,1900-01-01 12:36:40,1,0,0.39682198668167235
12:36:42,25.8,53.7,1900-01-01 12:36:42,1,0,0.3970116430949288
12:36:44,25.8,53.7,1900-01-01 12:36:44,1,0,0.3970116430949288
12:36:46,25.8,53.7,1900-01-01 12:36:46,1,0,0.3970116430949288
12:36:48,25.8,53.6,1900-01-01 12:36:48,1,0,0.39664460076057584
12:36:50,25.8,53.5,1900-01-01 12:36:50,1,0,0.39617844932157315
12:36:52,25.8,53.5,1900-01-01 12:36:52,1,0,0.39617844932157315
12:36:54,25.8,53.4,1900-01-01 12:36:54,1,0,0.3953200257834601
12:36:56,25.8,53.4,1900-01-01 12:36:56,1,0,0.3953200257834601
12:36:58,25.7,53.9,1900-01-01 12:36:58,1,0,0.39917036889407187
12:37:00,25.7,51.0,1900-01-01 12:37:00,1,0,0.390360331555663
12:37:02,25.9,50.8,1900-01-01 12:37:02,1,0,0.3963715535039316
12:37:04,25.9,48.3,1900-01-01 12:37:04,1,0,0.3855272146853646
12:37:06,25.8,48.4,1900-01-01 12:37:06,1,0,0.38547369216246824
12:37:08,25.7,47.6,1900-01-01 12:37:08,1,0,0.3849339048408961
12:37:10,25.9,46.1,1900-01-01 12:37:10,1,0,0.3683378248974607
12:37:12,26.1,44.8,1900-01-01 12:37:12,1,0,0.3686664350291597
12:37:14,25.9,43.6,1900-01-01 12:37:14,1,0,0.3864364145219955
12:37:16,25.7,43.2,1900-01-01 12:37:16,1,0,0.42001778385045097
12:37:18,25.7,41.9,1900-01-01 12:37:18,1,0,0.4450323655677673
12:37:20,26.0,42.1,1900-01-01 12:37:20,1,0,0.43265778070362393
12:37:22,25.9,40.2,1900-01-01 12:37:22,1,0,0.47322308161406057
12:37:24,25.7,40.9,1900-01-01 12:37:24,1,0,0.4653316856401763
12:37:26,25.9,40.9,1900-01-01 12:37:26,1,0,0.45849747007355746
12:37:28,25.9,40.1,1900-01-01 12:37:28,1,0,0.47322308161406057
12:37:30,26.1,40.0,1900-01-01 12:37:30,1,0,0.47262244252899643
12:37:32,26.0,41.2,1900-01-01 12:37:32,1,0,0.4482678738318853
12:37:34,26.0,40.7,1900-01-01 12:37:34,1,0,0.4578881592341675
12:37:36,25.7,42.5,1900-01-01 12:37:36,1,0,0.43618019772641503
12:37:38,25.8,42.5,1900-01-01 12:37:38,1,0,0.4291082997325374
12:37:40,26.1,42.5,1900-01-01 12:37:40,1,0,0.4228863710194516
12:37:42,26.1,43.3,1900-01-01 12:37:42,1,0,0.4029992334338794
12:37:44,26.0,45.4,1900-01-01 12:37:44,1,0,0.3702536597467406
12:37:46,26.0,46.3,1900-01-01 12:37:46,1,0,0.37033357878371437
12:37:48,26.0,47.2,1900-01-01 12:37:48,1,0,0.3807536465942953
12:37:50,26.0,48.0,1900-01-01 12:37:50,1,0,0.3850989446348003
12:37:52,25.9,49.7,1900-01-01 12:37:52,1,0,0.3913217404000742
12:37:54,26.2,50.2,1900-01-01 12:37:54,1,0,0.40469488318474306
12:37:56,26.0,51.6,1900-01-01 12:37:56,1,0,0.3968808445203599
12:37:58,26.0,52.8,1900-01-01 12:37:58,1,0,0.4045799007793225
12:38:00,26.0,52.8,1900-01-01 12:38:00,1,0,0.4045799007793225
12:38:02,26.0,52.7,1900-01-01 12:38:02,1,0,0.4031550951277509
12:38:04,26.0,52.7,1900-01-01 12:38:04,1,0,0.4031550951277509
12:38:06,26.0,52.6,1900-01-01 12:38:06,1,0,0.4025826950723714
12:38:08,26.0,52.6,1900-01-01 12:38:08,1,0,0.4025826950723714
12:38:10,26.0,52.6,1900-01-01 12:38:10,1,0,0.4025826950723714
12:38:12,26.0,52.6,1900-01-01 12:38:12,1,0,0.4025826950723714
12:38:14,26.0,52.6,1900-01-01 12:38:14,1,0,0.4025826950723714
12:38:16,26.0,52.6,1900-01-01 12:38:16,1,0,0.4025826950723714
12:38:18,25.9,52.6,1900-01-01 12:38:18,1,0,0.40032415416711276
12:38:20,25.9,52.6,1900-01-01 12:38:20,1,0,0.40032415416711276
12:38:22,26.0,52.9,1900-01-01 12:38:22,1,0,0.40621063264364643
12:38:24,25.9,53.6,1900-01-01 12:38:24,1,0,0.4058780544990547
12:38:26,26.0,54.7,1900-01-01 12:38:26,1,0,0.41262162012297837
12:38:28,26.0,54.2,1900-01-01 12:38:28,1,0,0.4114629536829018
12:38:30,26.0,53.8,1900-01-01 12:38:30,1,0,0.40914805710179886
12:38:32,26.0,53.5,1900-01-01 12:38:32,1,0,0.4074927828297693
12:38:34,26.0,53.5,1900-01-01 12:38:34,1,0,0.4074927828297693
12:38:36,26.0,53.7,1900-01-01 12:38:36,1,0,0.409718586805417
12:38:38,26.0,53.4,1900-01-01 12:38:38,1,0,0.40633483023842476
12:38:40,25.9,53.2,1900-01-01 12:38:40,1,0,0.4038357540588613
12:38:42,25.9,53.2,1900-01-01 12:38:42,1,0,0.4038357540588613
12:38:44,25.9,53.2,1900-01-01 12:38:44,1,0,0.4038357540588613
12:38:46,26.0,53.6,1900-01-01 12:38:46,1,0,0.40797224693849243
12:38:48,25.9,53.8,1900-01-01 12:38:48,1,0,0.4063944260714716
12:38:50,25.9,53.8,1900-01-01 12:38:50,1,0,0.4063944260714716
12:38:52,25.9,53.8,1900-01-01 12:38:52,1,0,0.4063944260714716
12:38:54,25.8,53.8,1900-01-01 12:38:54,1,0,0.39682198668167235
12:38:56,25.9,53.8,1900-01-01 12:38:56,1,0,0.4063944260714716
12:38:58,25.9,53.8,1900-01-01 12:38:58,1,0,0.4063944260714716
12:39:00,25.8,53.8,1900-01-01 12:39:00,1,0,0.39682198668167235
12:39:02,25.8,53.9,1900-01-01 12:39:02,1,0,0.39682198668167235
12:39:04,25.8,54.2,1900-01-01 12:39:04,1,0,0.3989665793855578
12:39:06,25.8,54.4,1900-01-01 12:39:06,1,0,0.39808078936512487
12:39:08,25.8,54.2,1900-01-01 12:39:08,1,0,0.3989665793855578
12:39:10,25.8,54.3,1900-01-01 12:39:10,1,0,0.3980095280478923
12:39:12,28.1,85.6,1900-01-01 12:39:12,-1,1,0.653724456454657
12:39:14,26.7,72.2,1900-01-01 12:39:14,1,0,0.5331577530950999
12:39:16,26.3,62.9,1900-01-01 12:39:16,1,0,0.4542083794284244
12:39:18,26.1,59.6,1900-01-01 12:39:18,1,0,0.4309629317056341
12:39:20,25.9,57.4,1900-01-01 12:39:20,1,0,0.4176370915071051
12:39:22,25.7,54.1,1900-01-01 12:39:22,1,0,0.4009078151300042
12:39:24,25.6,54.0,1900-01-01 12:39:24,1,0,0.40447762356405254
12:39:26,25.6,54.1,1900-01-01 12:39:26,1,0,0.40709874750072766
12:39:28,25.6,54.2,1900-01-01 12:39:28,1,0,0.4069649480248024
12:39:30,25.6,54.4,1900-01-01 12:39:30,1,0,0.406089889967574
12:39:32,25.6,54.7,1900-01-01 12:39:32,1,0,0.40736247183813684
12:39:34,25.5,54.4,1900-01-01 12:39:34,1,0,0.40694982070899555
12:39:36,25.5,54.4,1900-01-01 12:39:36,1,0,0.40694982070899555
12:39:38,25.5,54.5,1900-01-01 12:39:38,1,0,0.40790032939134996
12:39:40,25.6,54.7,1900-01-01 12:39:40,1,0,0.40736247183813684
12:39:42,25.6,51.4,1900-01-01 12:39:42,1,0,0.39587273710225884
12:39:44,25.2,48.2,1900-01-01 12:39:44,1,0,0.4087689382237272
12:39:46,25.2,46.0,1900-01-01 12:39:46,1,0,0.41715759740105895
12:39:48,25.4,42.6,1900-01-01 12:39:48,1,0,0.46331106875049705
12:39:50,25.0,40.6,1900-01-01 12:39:50,1,0,0.5154039104097043
12:39:52,25.4,37.7,1900-01-01 12:39:52,1,0,0.529741724254252
12:39:54,25.2,35.7,1900-01-01 12:39:54,1,0,0.5397272125237965
12:39:56,25.2,32.7,1900-01-01 12:39:56,1,0,0.5733314521243306
12:39:58,25.1,30.5,1900-01-01 12:39:58,1,0,0.5945672914677697
12:40:00,25.1,29.3,1900-01-01 12:40:00,1,0,0.6110739055873954
12:40:02,25.1,28.7,1900-01-01 12:40:02,1,0,0.6175084528520064
12:40:04,25.2,26.4,1900-01-01 12:40:04,1,0,0.629603900022761
12:40:06,25.0,25.9,1900-01-01 12:40:06,-1,1,0.6435664809258902
12:40:08,25.0,26.0,1900-01-01 12:40:08,-1,1,0.6435664809258902
12:40:10,25.0,25.6,1900-01-01 12:40:10,-1,1,0.6453105529872929
12:40:12,24.9,27.5,1900-01-01 12:40:12,-1,1,0.6410973912399935
12:40:14,25.0,27.0,1900-01-01 12:40:14,-1,1,0.6375604848972918
12:40:16,25.0,28.5,1900-01-01 12:40:16,1,0,0.6287090879196131
12:40:18,24.7,29.9,1900-01-01 12:40:18,-1,1,0.6340103653465113
12:40:20,24.9,30.7,1900-01-01 12:40:20,1,0,0.6092118731336482
12:40:22,25.0,33.4,1900-01-01 12:40:22,1,0,0.5813826339388329
12:40:24,24.9,35.6,1900-01-01 12:40:24,1,0,0.5598010569384371
12:40:26,24.9,37.9,1900-01-01 12:40:26,1,0,0.550533688528007
12:40:28,25.0,40.8,1900-01-01 12:40:28,1,0,0.512823721040146
12:40:30,24.8,43.4,1900-01-01 12:40:30,1,0,0.4940630859170525
12:40:32,24.9,46.1,1900-01-01 12:40:32,1,0,0.44096269417018047
12:40:34,24.9,50.4,1900-01-01 12:40:34,1,0,0.4036817176437446
12:40:36,24.9,53.5,1900-01-01 12:40:36,1,0,0.39533479326888754
12:40:38,24.9,56.4,1900-01-01 12:40:38,1,0,0.3967210701797548
12:40:40,24.8,56.4,1900-01-01 12:40:40,1,0,0.401392984120083
12:40:42,24.8,56.5,1900-01-01 12:40:42,1,0,0.40030259927019846
12:40:44,24.8,56.7,1900-01-01 12:40:44,1,0,0.39807743434082143
12:40:46,24.8,56.7,1900-01-01 12:40:46,1,0,0.39807743434082143
12:40:48,24.8,56.8,1900-01-01 12:40:48,1,0,0.39786924941040236
12:40:50,24.8,56.8,1900-01-01 12:40:50,1,0,0.39786924941040236
12:40:52,24.8,57.1,1900-01-01 12:40:52,1,0,0.39671177133923624
12:40:54,24.8,57.2,1900-01-01 12:40:54,1,0,0.3975615293801421
12:40:56,24.8,57.2,1900-01-01 12:40:56,1,0,0.3975615293801421
12:40:58,24.8,57.1,1900-01-01 12:40:58,1,0,0.39671177133923624
12:41:00,24.7,57.1,1900-01-01 12:41:00,1,0,0.3947862515790314
12:41:02,24.7,57.1,1900-01-01 12:41:02,1,0,0.3947862515790314
12:41:04,24.7,57.2,1900-01-01 12:41:04,1,0,0.393191643676764
12:41:06,24.7,57.3,1900-01-01 12:41:06,1,0,0.39175501769561977
12:41:08,24.8,57.3,1900-01-01 12:41:08,1,0,0.397027719730889
12:41:10,24.7,57.2,1900-01-01 12:41:10,1,0,0.393191643676764
12:41:12,24.8,57.2,1900-01-01 12:41:12,1,0,0.3975615293801421
12:41:14,24.8,57.2,1900-01-01 12:41:14,1,0,0.3975615293801421
12:41:16,24.8,57.3,1900-01-01 12:41:16,1,0,0.397027719730889
12:41:18,24.7,57.2,1900-01-01 12:41:18,1,0,0.393191643676764
12:41:20,24.7,57.3,1900-01-01 12:41:20,1,0,0.39175501769561977
12:41:22,24.7,57.3,1900-01-01 12:41:22,1,0,0.39175501769561977
12:41:24,24.7,57.3,1900-01-01 12:41:24,1,0,0.39175501769561977
12:41:26,24.7,57.3,1900-01-01 12:41:26,1,0,0.39175501769561977
12:41:28,24.7,57.4,1900-01-01 12:41:28,1,0,0.3906772613269925
12:41:30,24.7,57.9,1900-01-01 12:41:30,1,0,0.39568855280665655
12:41:32,24.7,58.4,1900-01-01 12:41:32,1,0,0.39832923845813917
12:41:34,24.7,58.6,1900-01-01 12:41:34,1,0,0.40049945071803256
12:41:36,24.7,58.7,1900-01-01 12:41:36,1,0,0.4038056186879874
12:41:38,24.7,58.5,1900-01-01 12:41:38,1,0,0.39956171237090243
12:41:40,24.7,58.2,1900-01-01 12:41:40,1,0,0.39706766309900055
12:41:42,24.6,58.1,1900-01-01 12:41:42,1,0,0.39077783130478055
12:41:44,24.7,58.0,1900-01-01 12:41:44,1,0,0.3960449588945618
12:41:46,24.7,57.8,1900-01-01 12:41:46,1,0,0.39292231722866094
12:41:48,24.7,57.7,1900-01-01 12:41:48,1,0,0.3911820837086607
12:41:50,25.5,72.0,1900-01-01 12:41:50,1,0,0.5209719062455245
12:41:52,25.2,70.3,1900-01-01 12:41:52,1,0,0.5167147062252739
12:41:54,25.3,67.6,1900-01-01 12:41:54,1,0,0.5003517372623859
12:41:56,25.1,64.3,1900-01-01 12:41:56,1,0,0.4710765112996466
12:41:58,25.0,62.8,1900-01-01 12:41:58,1,0,0.4586381820892295
12:42:00,24.9,60.1,1900-01-01 12:42:00,1,0,0.4267974743919303
12:42:02,24.9,61.3,1900-01-01 12:42:02,1,0,0.4412203985926887
12:42:04,24.7,60.5,1900-01-01 12:42:04,1,0,0.42848930374983535
12:42:06,24.5,60.3,1900-01-01 12:42:06,1,0,0.4295386049649672
12:42:08,24.7,57.8,1900-01-01 12:42:08,1,0,0.39292231722866094
12:42:10,24.7,57.8,1900-01-01 12:42:10,1,0,0.39292231722866094
12:42:12,24.7,57.8,1900-01-01 12:42:12,1,0,0.39292231722866094
12:42:14,24.7,57.7,1900-01-01 12:42:14,1,0,0.3911820837086607
12:42:16,24.7,57.6,1900-01-01 12:42:16,1,0,0.389739247128823
12:42:18,24.7,57.7,1900-01-01 12:42:18,1,0,0.3911820837086607
12:42:20,24.7,57.7,1900-01-01 12:42:20,1,0,0.3911820837086607
12:42:22,24.7,57.7,1900-01-01 12:42:22,1,0,0.3911820837086607
12:42:24,24.7,57.8,1900-01-01 12:42:24,1,0,0.39292231722866094
12:42:26,24.7,57.7,1900-01-01 12:42:26,1,0,0.3911820837086607
12:42:28,24.7,57.7,1900-01-01 12:42:28,1,0,0.3911820837086607
12:42:30,24.7,57.7,1900-01-01 12:42:30,1,0,0.3911820837086607
12:42:32,24.7,57.7,1900-01-01 12:42:32,1,0,0.3911820837086607
12:42:34,24.7,57.7,1900-01-01 12:42:34,1,0,0.3911820837086607
12:42:36,24.6,57.6,1900-01-01 12:42:36,1,0,0.3849440865128897
12:42:38,24.7,57.7,1900-01-01 12:42:38,1,0,0.3911820837086607
12:42:40,24.7,57.6,1900-01-01 12:42:40,1,0,0.389739247128823
12:42:42,24.7,57.6,1900-01-01 12:42:42,1,0,0.389739247128823
12:42:44,24.7,57.5,1900-01-01 12:42:44,1,0,0.3899668983335798
12:42:46,24.7,57.4,1900-01-01 12:42:46,1,0,0.3906772613269925
12:42:48,24.7,57.4,1900-01-01 12:42:48,1,0,0.3906772613269925
12:42:50,11.8,90.0,1900-01-01 12:42:50,-1,1,0.7727656962014056
12:42:52,11.1,90.0,1900-01-01 12:42:52,-1,1,0.776696982430975
12:42:54,24.7,57.5,1900-01-01 12:42:54,1,0,0.3899668983335798
12:42:56,24.7,57.4,1900-01-01 12:42:56,1,0,0.3906772613269925
12:42:58,24.7,57.5,1900-01-01 12:42:58,1,0,0.3899668983335798
12:43:00,24.7,57.6,1900-01-01 12:43:00,1,0,0.389739247128823
12:43:02,24.7,57.6,1900-01-01 12:43:02,1,0,0.389739247128823
12:43:04,24.6,57.6,1900-01-01 12:43:04,1,0,0.3849440865128897
12:43:06,24.7,57.7,1900-01-01 12:43:06,1,0,0.3911820837086607
12:43:08,24.7,57.6,1900-01-01 12:43:08,1,0,0.389739247128823
12:43:10,24.7,57.6,1900-01-01 12:43:10,1,0,0.389739247128823
12:43:12,24.7,57.7,1900-01-01 12:43:12,1,0,0.3911820837086607
12:43:14,24.6,57.6,1900-01-01 12:43:14,1,0,0.3849440865128897
12:43:16,24.7,57.6,1900-01-01 12:43:16,1,0,0.389739247128823
12:43:18,24.6,57.6,1900-01-01 12:43:18,1,0,0.3849440865128897
12:43:20,24.7,57.6,1900-01-01 12:43:20,1,0,0.389739247128823
12:43:22,24.7,57.6,1900-01-01 12:43:22,1,0,0.389739247128823
12:43:24,24.7,57.7,1900-01-01 12:43:24,1,0,0.3911820837086607
12:43:26,24.7,57.6,1900-01-01 12:43:26,1,0,0.389739247128823
12:43:28,24.7,57.6,1900-01-01 12:43:28,1,0,0.389739247128823
12:43:30,24.6,57.4,1900-01-01 12:43:30,1,0,0.3870028464993293
12:43:32,24.6,57.4,1900-01-01 12:43:32,1,0,0.3870028464993293
12:43:34,24.7,57.5,1900-01-01 12:43:34,1,0,0.3899668983335798
12:43:36,24.6,57.5,1900-01-01 12:43:36,1,0,0.38579492830901985
12:43:38,24.6,57.5,1900-01-01 12:43:38,1,0,0.38579492830901985
12:43:40,24.6,57.4,1900-01-01 12:43:40,1,0,0.3870028464993293
12:43:42,24.6,57.6,1900-01-01 12:43:42,1,0,0.3849440865128897
12:43:44,24.6,57.7,1900-01-01 12:43:44,1,0,0.3867229306714321
12:43:46,24.6,57.6,1900-01-01 12:43:46,1,0,0.3849440865128897
12:43:48,24.6,57.6,1900-01-01 12:43:48,1,0,0.3849440865128897
12:43:50,24.6,57.7,1900-01-01 12:43:50,1,0,0.3867229306714321
12:43:52,24.6,57.6,1900-01-01 12:43:52,1,0,0.3849440865128897
12:43:54,24.6,57.6,1900-01-01 12:43:54,1,0,0.3849440865128897
12:43:56,24.6,57.6,1900-01-01 12:43:56,1,0,0.3849440865128897
12:43:58,24.7,57.7,1900-01-01 12:43:58,1,0,0.3911820837086607
12:44:00,24.6,57.5,1900-01-01 12:44:00,1,0,0.38579492830901985
12:44:02,24.7,57.6,1900-01-01 12:44:02,1,0,0.389739247128823
12:44:04,24.7,57.7,1900-01-01 12:44:04,1,0,0.3911820837086607
12:44:06,24.7,57.8,1900-01-01 12:44:06,1,0,0.39292231722866094
12:44:08,24.7,57.7,1900-01-01 12:44:08,1,0,0.3911820837086607
12:44:10,24.6,57.6,1900-01-01 12:44:10,1,0,0.3849440865128897
12:44:12,24.6,57.6,1900-01-01 12:44:12,1,0,0.3849440865128897
12:44:14,24.7,57.6,1900-01-01 12:44:14,1,0,0.389739247128823
12:44:16,24.7,57.6,1900-01-01 12:44:16,1,0,0.389739247128823
12:44:18,24.7,57.6,1900-01-01 12:44:18,1,0,0.389739247128823
12:44:20,24.7,57.5,1900-01-01 12:44:20,1,0,0.3899668983335798
12:44:22,24.7,57.5,1900-01-01 12:44:22,1,0,0.3899668983335798
12:44:24,24.6,57.3,1900-01-01 12:44:24,1,0,0.38807046630672437
12:44:26,24.7,57.6,1900-01-01 12:44:26,1,0,0.389739247128823
12:44:28,24.7,58.1,1900-01-01 12:44:28,1,0,0.3952469991632117
12:44:30,24.7,58.2,1900-01-01 12:44:30,1,0,0.39706766309900055
12:44:32,24.7,58.3,1900-01-01 12:44:32,1,0,0.39726241823305636
12:44:34,24.6,58.1,1900-01-01 12:44:34,1,0,0.39077783130478055
12:44:36,24.7,58.0,1900-01-01 12:44:36,1,0,0.3960449588945618
12:44:38,24.7,58.1,1900-01-01 12:44:38,1,0,0.3952469991632117
12:44:40,24.7,58.2,1900-01-01 12:44:40,1,0,0.39706766309900055
12:44:42,24.7,58.0,1900-01-01 12:44:42,1,0,0.3960449588945618
12:44:44,24.7,58.0,1900-01-01 12:44:44,1,0,0.3960449588945618
12:44:46,24.7,57.8,1900-01-01 12:44:46,1,0,0.39292231722866094
12:44:48,24.7,57.8,1900-01-01 12:44:48,1,0,0.39292231722866094
12:44:50,24.7,57.8,1900-01-01 12:44:50,1,0,0.39292231722866094
12:44:52,24.7,57.8,1900-01-01 12:44:52,1,0,0.39292231722866094
12:44:54,24.7,57.8,1900-01-01 12:44:54,1,0,0.39292231722866094
12:44:56,24.7,57.8,1900-01-01 12:44:56,1,0,0.39292231722866094
12:44:58,24.7,57.8,1900-01-01 12:44:58,1,0,0.39292231722866094
12:45:00,24.7,57.8,1900-01-01 12:45:00,1,0,0.39292231722866094
12:45:02,24.7,57.8,1900-01-01 12:45:02,1,0,0.39292231722866094
12:45:04,24.7,57.4,1900-01-01 12:45:04,1,0,0.3906772613269925
12:45:06,24.7,57.4,1900-01-01 12:45:06,1,0,0.3906772613269925
12:45:08,24.7,57.4,1900-01-01 12:45:08,1,0,0.3906772613269925
12:45:10,24.7,57.2,1900-01-01 12:45:10,1,0,0.393191643676764
12:45:12,24.7,56.9,1900-01-01 12:45:12,1,0,0.39674611468550736
12:45:14,24.6,56.6,1900-01-01 12:45:14,1,0,0.4007236625473329
12:45:16,24.6,56.5,1900-01-01 12:45:16,1,0,0.4023601893202058
12:45:18,24.7,56.5,1900-01-01 12:45:18,1,0,0.4009697420807295
12:45:20,24.6,56.3,1900-01-01 12:45:20,1,0,0.4032002965211475
12:45:22,24.6,56.2,1900-01-01 12:45:22,1,0,0.40595636422815196
12:45:24,24.6,56.3,1900-01-01 12:45:24,1,0,0.4032002965211475
12:45:26,24.7,56.5,1900-01-01 12:45:26,1,0,0.4009697420807295
12:45:28,24.7,56.9,1900-01-01 12:45:28,1,0,0.39674611468550736
12:45:30,24.7,56.9,1900-01-01 12:45:30,1,0,0.39674611468550736
12:45:32,24.6,57.0,1900-01-01 12:45:32,1,0,0.39420706177989023
12:45:34,24.7,57.1,1900-01-01 12:45:34,1,0,0.3947862515790314
12:45:36,24.6,57.1,1900-01-01 12:45:36,1,0,0.39193931942563454
12:45:38,24.7,57.2,1900-01-01 12:45:38,1,0,0.393191643676764
12:45:40,24.6,57.4,1900-01-01 12:45:40,1,0,0.3870028464993293
12:45:42,24.6,57.4,1900-01-01 12:45:42,1,0,0.3870028464993293
12:45:44,24.6,57.4,1900-01-01 12:45:44,1,0,0.3870028464993293
12:45:46,24.7,57.5,1900-01-01 12:45:46,1,0,0.3899668983335798
12:45:48,24.6,57.4,1900-01-01 12:45:48,1,0,0.3870028464993293
12:45:50,24.6,57.5,1900-01-01 12:45:50,1,0,0.38579492830901985
12:45:52,24.6,57.4,1900-01-01 12:45:52,1,0,0.3870028464993293
12:45:54,24.6,57.5,1900-01-01 12:45:54,1,0,0.38579492830901985
12:45:56,24.6,57.5,1900-01-01 12:45:56,1,0,0.38579492830901985
12:45:58,24.6,57.5,1900-01-01 12:45:58,1,0,0.38579492830901985
12:46:00,24.6,57.6,1900-01-01 12:46:00,1,0,0.3849440865128897
12:46:02,24.6,57.7,1900-01-01 12:46:02,1,0,0.3867229306714321
12:46:04,24.6,57.5,1900-01-01 12:46:04,1,0,0.38579492830901985
12:46:06,24.6,57.4,1900-01-01 12:46:06,1,0,0.3870028464993293
12:46:08,24.6,57.4,1900-01-01 12:46:08,1,0,0.3870028464993293
12:46:10,24.6,57.4,1900-01-01 12:46:10,1,0,0.3870028464993293
12:46:12,24.6,57.5,1900-01-01 12:46:12,1,0,0.38579492830901985
12:46:14,24.6,57.7,1900-01-01 12:46:14,1,0,0.3867229306714321
12:46:16,24.6,57.6,1900-01-01 12:46:16,1,0,0.3849440865128897
12:46:18,24.6,57.7,1900-01-01 12:46:18,1,0,0.3867229306714321
12:46:20,24.6,57.6,1900-01-01 12:46:20,1,0,0.3849440865128897
12:46:22,24.6,57.7,1900-01-01 12:46:22,1,0,0.3867229306714321
12:46:24,24.6,57.8,1900-01-01 12:46:24,1,0,0.3880529666883675
12:46:26,24.6,57.7,1900-01-01 12:46:26,1,0,0.3867229306714321
12:46:28,24.6,57.8,1900-01-01 12:46:28,1,0,0.3880529666883675
12:46:30,24.5,57.7,1900-01-01 12:46:30,1,0,0.39448758208260953
12:46:32,24.5,57.7,1900-01-01 12:46:32,1,0,0.39448758208260953
12:46:34,24.5,57.6,1900-01-01 12:46:34,1,0,0.39428828369021035
12:46:36,24.5,57.6,1900-01-01 12:46:36,1,0,0.39428828369021035
12:46:38,24.5,57.6,1900-01-01 12:46:38,1,0,0.39428828369021035
12:46:40,24.5,57.5,1900-01-01 12:46:40,1,0,0.39553705476232254
12:46:42,24.5,57.6,1900-01-01 12:46:42,1,0,0.39428828369021035
12:46:44,24.7,44.9,1900-01-01 12:46:44,1,0,0.482779962948001
12:46:46,24.4,44.8,1900-01-01 12:46:46,1,0,0.5049070788049398
12:46:48,24.5,57.7,1900-01-01 12:46:48,1,0,0.39448758208260953
12:46:50,24.4,57.7,1900-01-01 12:46:50,1,0,0.4028311838481258
12:46:52,24.5,57.7,1900-01-01 12:46:52,1,0,0.39448758208260953
12:46:54,24.5,57.7,1900-01-01 12:46:54,1,0,0.39448758208260953
12:46:56,24.4,57.7,1900-01-01 12:46:56,1,0,0.4028311838481258
12:46:58,24.4,57.8,1900-01-01 12:46:58,1,0,0.4038622073766235
12:47:00,24.4,57.8,1900-01-01 12:47:00,1,0,0.4038622073766235
12:47:02,24.4,58.0,1900-01-01 12:47:02,1,0,0.4025268149336844
12:47:04,24.4,58.0,1900-01-01 12:47:04,1,0,0.4025268149336844
12:47:06,24.4,58.0,1900-01-01 12:47:06,1,0,0.4025268149336844
12:47:08,24.4,58.1,1900-01-01 12:47:08,1,0,0.4004367198997111
12:47:10,24.4,57.9,1900-01-01 12:47:10,1,0,0.40291679070847547
12:47:12,24.3,57.2,1900-01-01 12:47:12,1,0,0.4343485775503023
12:47:14,24.4,57.5,1900-01-01 12:47:14,1,0,0.40506478610409014
12:47:16,24.9,57.6,1900-01-01 12:47:16,1,0,0.3957468435414275
12:47:18,23.9,56.7,1900-01-01 12:47:18,1,0,0.49098713766036833
12:47:20,24.7,57.3,1900-01-01 12:47:20,1,0,0.39175501769561977
12:47:22,23.8,56.9,1900-01-01 12:47:22,1,0,0.4907372925573921
12:47:24,24.4,57.2,1900-01-01 12:47:24,1,0,0.40991237305759975
12:47:26,23.7,56.8,1900-01-01 12:47:26,1,0,0.49928626429341033
12:47:28,23.8,57.5,1900-01-01 12:47:28,1,0,0.4790237041562627
12:47:30,24.3,57.2,1900-01-01 12:47:30,1,0,0.4343485775503023
12:47:32,24.8,57.0,1900-01-01 12:47:32,1,0,0.3971561024826564
12:47:34,24.3,56.1,1900-01-01 12:47:34,1,0,0.45253180983436336
12:47:36,24.3,55.9,1900-01-01 12:47:36,1,0,0.4571119038405256
12:47:38,24.3,56.1,1900-01-01 12:47:38,1,0,0.45253180983436336
12:47:40,24.4,56.5,1900-01-01 12:47:40,1,0,0.4239190423860845
12:47:42,24.4,56.1,1900-01-01 12:47:42,1,0,0.4285389088475989
12:47:44,24.3,56.5,1900-01-01 12:47:44,1,0,0.4481816448751079
12:47:46,24.2,56.4,1900-01-01 12:47:46,1,0,0.47417883346959894
12:47:48,24.3,57.1,1900-01-01 12:47:48,1,0,0.43623918817655666
12:47:50,24.5,56.1,1900-01-01 12:47:50,1,0,0.4168715166687482
12:47:52,24.3,56.4,1900-01-01 12:47:52,1,0,0.44950945097111433
12:47:54,24.2,56.7,1900-01-01 12:47:54,1,0,0.4685316780533606
12:47:56,24.3,58.1,1900-01-01 12:47:56,1,0,0.4262426346550781
12:47:58,24.3,58.2,1900-01-01 12:47:58,1,0,0.4266807028696832
12:48:00,24.3,58.2,1900-01-01 12:48:00,1,0,0.4266807028696832
12:48:02,24.3,58.1,1900-01-01 12:48:02,1,0,0.4262426346550781
12:48:04,24.3,58.1,1900-01-01 12:48:04,1,0,0.4262426346550781
12:48:06,24.3,58.0,1900-01-01 12:48:06,1,0,0.4287514719573834
12:48:08,24.9,58.2,1900-01-01 12:48:08,1,0,0.4013263343391463
12:48:10,24.3,57.4,1900-01-01 12:48:10,1,0,0.43111444240989
12:48:12,24.3,57.0,1900-01-01 12:48:12,1,0,0.4385099237203517
12:48:14,24.5,57.4,1900-01-01 12:48:14,1,0,0.397177382169181
12:48:16,24.3,56.8,1900-01-01 12:48:16,1,0,0.4422565773219742
12:48:18,24.2,57.2,1900-01-01 12:48:18,1,0,0.4600825800331714
12:48:20,24.4,57.2,1900-01-01 12:48:20,1,0,0.40991237305759975
12:48:22,24.6,57.8,1900-01-01 12:48:22,1,0,0.3880529666883675
12:48:24,24.3,57.8,1900-01-01 12:48:24,1,0,0.42944350259014513
12:48:26,24.3,57.8,1900-01-01 12:48:26,1,0,0.42944350259014513
12:48:28,24.3,57.8,1900-01-01 12:48:28,1,0,0.42944350259014513
12:48:30,24.4,57.9,1900-01-01 12:48:30,1,0,0.40291679070847547
12:48:32,24.3,58.3,1900-01-01 12:48:32,1,0,0.4260971006864581
12:48:34,24.1,58.3,1900-01-01 12:48:34,1,0,0.4606990849563893
12:48:36,24.2,59.5,1900-01-01 12:48:36,1,0,0.46917629730886146
12:48:38,24.5,60.1,1900-01-01 12:48:38,1,0,0.42897246074271583
12:48:40,24.5,60.1,1900-01-01 12:48:40,1,0,0.42897246074271583
12:48:42,24.6,61.2,1900-01-01 12:48:42,1,0,0.43758031912396245
12:48:44,24.4,60.7,1900-01-01 12:48:44,1,0,0.44032160636777334
12:48:46,24.6,60.6,1900-01-01 12:48:46,1,0,0.4264023098766151
12:48:48,24.3,61.1,1900-01-01 12:48:48,1,0,0.4709477118745876
12:48:50,24.5,59.7,1900-01-01 12:48:50,1,0,0.4273700951765767
12:48:52,24.3,60.4,1900-01-01 12:48:52,1,0,0.4611208490766294
12:48:54,24.5,60.1,1900-01-01 12:48:54,1,0,0.42897246074271583
12:48:56,24.6,58.5,1900-01-01 12:48:56,1,0,0.39468440983582803
12:48:58,24.5,58.1,1900-01-01 12:48:58,1,0,0.39754112051796925
12:49:00,24.4,58.5,1900-01-01 12:49:00,1,0,0.40232097764154423
12:49:02,24.4,58.5,1900-01-01 12:49:02,1,0,0.40232097764154423
12:49:04,24.4,58.5,1900-01-01 12:49:04,1,0,0.40232097764154423
12:49:06,24.5,58.6,1900-01-01 12:49:06,1,0,0.40144343996310405
12:49:08,24.4,58.5,1900-01-01 12:49:08,1,0,0.40232097764154423
12:49:10,24.4,58.4,1900-01-01 12:49:10,1,0,0.4016073164588289
12:49:12,24.4,78.9,1900-01-01 12:49:12,1,0,0.596756520485411
12:49:14,24.5,79.2,1900-01-01 12:49:14,1,0,0.5970176951447397
12:49:16,24.4,58.2,1900-01-01 12:49:16,1,0,0.4019380955333649
12:49:18,24.4,58.2,1900-01-01 12:49:18,1,0,0.4019380955333649
12:49:20,24.4,58.1,1900-01-01 12:49:20,1,0,0.4004367198997111
12:49:22,24.4,58.0,1900-01-01 12:49:22,1,0,0.4025268149336844
12:49:24,24.3,58.0,1900-01-01 12:49:24,1,0,0.4287514719573834
12:49:26,24.4,58.2,1900-01-01 12:49:26,1,0,0.4019380955333649
12:49:28,24.4,58.3,1900-01-01 12:49:28,1,0,0.40158872077765095
12:49:30,24.4,58.4,1900-01-01 12:49:30,1,0,0.4016073164588289
12:49:32,24.9,82.8,1900-01-01 12:49:32,1,0,0.6027655971913245
12:49:34,24.8,71.3,1900-01-01 12:49:34,1,0,0.5329330359451957
12:49:36,24.5,65.8,1900-01-01 12:49:36,1,0,0.5075731539041907
12:49:38,24.3,62.5,1900-01-01 12:49:38,1,0,0.4891789545113195
12:49:40,24.7,60.6,1900-01-01 12:49:40,1,0,0.42907295117734734
12:49:42,24.3,58.8,1900-01-01 12:49:42,1,0,0.43057223388913185
12:49:44,24.3,58.4,1900-01-01 12:49:44,1,0,0.4263838355109496
12:49:46,24.4,58.5,1900-01-01 12:49:46,1,0,0.40232097764154423
12:49:48,24.3,58.4,1900-01-01 12:49:48,1,0,0.4263838355109496
12:49:50,24.4,58.3,1900-01-01 12:49:50,1,0,0.40158872077765095
12:49:52,24.4,58.4,1900-01-01 12:49:52,1,0,0.4016073164588289
12:49:54,24.4,58.5,1900-01-01 12:49:54,1,0,0.40232097764154423
12:49:56,24.4,58.5,1900-01-01 12:49:56,1,0,0.40232097764154423
12:49:58,24.4,58.6,1900-01-01 12:49:58,1,0,0.4035743715256399
12:50:00,25.6,72.5,1900-01-01 12:50:00,1,0,0.526255709535406
12:50:02,25.1,67.2,1900-01-01 12:50:02,1,0,0.4983172474123582
12:50:04,25.0,64.4,1900-01-01 12:50:04,1,0,0.47259041955408837
12:50:06,24.6,61.8,1900-01-01 12:50:06,1,0,0.44411682775030437
12:50:08,24.4,60.7,1900-01-01 12:50:08,1,0,0.44032160636777334
12:50:10,24.5,60.8,1900-01-01 12:50:10,1,0,0.43753593072425045
12:50:12,24.4,58.3,1900-01-01 12:50:12,1,0,0.40158872077765095
12:50:14,24.4,58.4,1900-01-01 12:50:14,1,0,0.4016073164588289
12:50:16,24.4,58.6,1900-01-01 12:50:16,1,0,0.4035743715256399
12:50:18,24.4,58.7,1900-01-01 12:50:18,1,0,0.40685983644927803
12:50:20,24.4,58.7,1900-01-01 12:50:20,1,0,0.40685983644927803
12:50:22,24.5,58.8,1900-01-01 12:50:22,1,0,0.4058029022649513
12:50:24,24.4,58.8,1900-01-01 12:50:24,1,0,0.4086811576553711
12:50:26,24.5,58.8,1900-01-01 12:50:26,1,0,0.4058029022649513
12:50:28,24.5,58.7,1900-01-01 12:50:28,1,0,0.4041610473650036
12:50:30,24.4,58.3,1900-01-01 12:50:30,1,0,0.40158872077765095
12:50:32,24.5,58.1,1900-01-01 12:50:32,1,0,0.39754112051796925
12:50:34,24.5,58.0,1900-01-01 12:50:34,1,0,0.39789426288470753
12:50:36,24.5,57.9,1900-01-01 12:50:36,1,0,0.39698382170164054
12:50:38,24.5,57.8,1900-01-01 12:50:38,1,0,0.3956310672834905
12:50:40,24.4,57.7,1900-01-01 12:50:40,1,0,0.4028311838481258
12:50:42,24.5,57.7,1900-01-01 12:50:42,1,0,0.39448758208260953
12:50:44,24.5,57.7,1900-01-01 12:50:44,1,0,0.39448758208260953
12:50:46,24.4,57.7,1900-01-01 12:50:46,1,0,0.4028311838481258
12:50:48,24.5,57.9,1900-01-01 12:50:48,1,0,0.39698382170164054
12:50:50,24.5,57.9,1900-01-01 12:50:50,1,0,0.39698382170164054
12:50:52,24.5,57.9,1900-01-01 12:50:52,1,0,0.39698382170164054
12:50:54,24.5,57.9,1900-01-01 12:50:54,1,0,0.39698382170164054
12:50:56,24.5,58.0,1900-01-01 12:50:56,1,0,0.39789426288470753
12:50:58,24.5,58.2,1900-01-01 12:50:58,1,0,0.3997223746217114
12:51:00,24.4,58.2,1900-01-01 12:51:00,1,0,0.4019380955333649
12:51:02,24.5,58.2,1900-01-01 12:51:02,1,0,0.3997223746217114
12:51:04,24.5,58.2,1900-01-01 12:51:04,1,0,0.3997223746217114
12:51:06,24.3,58.2,1900-01-01 12:51:06,1,0,0.4266807028696832
12:51:08,24.5,58.4,1900-01-01 12:51:08,1,0,0.40050564317892645
12:51:10,24.5,58.4,1900-01-01 12:51:10,1,0,0.40050564317892645
12:51:12,24.5,58.3,1900-01-01 12:51:12,1,0,0.3995738558909559
12:51:14,24.4,58.2,1900-01-01 12:51:14,1,0,0.4019380955333649
12:51:16,24.4,58.2,1900-01-01 12:51:16,1,0,0.4019380955333649
12:51:18,24.4,58.4,1900-01-01 12:51:18,1,0,0.4016073164588289
12:51:20,24.4,58.5,1900-01-01 12:51:20,1,0,0.40232097764154423
12:51:22,24.4,58.6,1900-01-01 12:51:22,1,0,0.4035743715256399
12:51:24,24.4,58.7,1900-01-01 12:51:24,1,0,0.40685983644927803
12:51:26,24.4,58.6,1900-01-01 12:51:26,1,0,0.4035743715256399
12:51:28,24.3,20.1,1900-01-01 12:51:28,-1,1,0.6744168087330926
12:51:30,24.2,58.5,1900-01-01 12:51:30,1,0,0.4539656601070565
12:51:32,24.4,58.8,1900-01-01 12:51:32,1,0,0.4086811576553711
12:51:34,24.4,58.8,1900-01-01 12:51:34,1,0,0.4086811576553711
12:51:36,24.4,58.8,1900-01-01 12:51:36,1,0,0.4086811576553711
12:51:38,34.6,32.5,1900-01-01 12:51:38,-1,1,0.7511929400527496
12:51:40,24.3,58.7,1900-01-01 12:51:40,1,0,0.4263539131743326
12:51:42,24.3,58.6,1900-01-01 12:51:42,1,0,0.42473949273664885
12:51:44,24.3,58.6,1900-01-01 12:51:44,1,0,0.42473949273664885
12:51:46,24.4,58.6,1900-01-01 12:51:46,1,0,0.4035743715256399
12:51:48,29.7,48.3,1900-01-01 12:51:48,-1,1,0.6508107233514332
12:51:50,24.3,58.6,1900-01-01 12:51:50,1,0,0.42473949273664885
12:51:52,24.3,58.6,1900-01-01 12:51:52,1,0,0.42473949273664885
12:51:54,24.2,58.4,1900-01-01 12:51:54,1,0,0.4542516594365972
12:51:56,24.4,58.1,1900-01-01 12:51:56,1,0,0.4004367198997111
12:51:58,24.3,58.5,1900-01-01 12:51:58,1,0,0.42597125437782124
12:52:00,24.4,58.1,1900-01-01 12:52:00,1,0,0.4004367198997111
12:52:02,24.5,74.8,1900-01-01 12:52:02,1,0,0.564577180609487
12:52:04,24.1,73.4,1900-01-01 12:52:04,1,0,0.5839977137330249
12:52:06,24.4,55.6,1900-01-01 12:52:06,1,0,0.4364974951977133
12:52:08,24.4,58.3,1900-01-01 12:52:08,1,0,0.40158872077765095
12:52:10,24.4,58.8,1900-01-01 12:52:10,1,0,0.4086811576553711
12:52:12,24.4,58.8,1900-01-01 12:52:12,1,0,0.4086811576553711
12:52:14,24.4,58.7,1900-01-01 12:52:14,1,0,0.40685983644927803
12:52:16,24.4,58.5,1900-01-01 12:52:16,1,0,0.40232097764154423
12:52:18,24.3,56.4,1900-01-01 12:52:18,1,0,0.44950945097111433
12:52:20,24.3,58.1,1900-01-01 12:52:20,1,0,0.4262426346550781
12:52:22,24.4,57.3,1900-01-01 12:52:22,1,0,0.4090765353496194
12:52:24,24.4,58.3,1900-01-01 12:52:24,1,0,0.40158872077765095
12:52:26,24.4,58.2,1900-01-01 12:52:26,1,0,0.4019380955333649
12:52:28,24.3,57.8,1900-01-01 12:52:28,1,0,0.42944350259014513
12:52:30,24.4,58.0,1900-01-01 12:52:30,1,0,0.4025268149336844
12:52:32,24.4,57.8,1900-01-01 12:52:32,1,0,0.4038622073766235
12:52:34,24.4,57.8,1900-01-01 12:52:34,1,0,0.4038622073766235
12:52:36,24.4,57.8,1900-01-01 12:52:36,1,0,0.4038622073766235
12:52:38,24.4,57.8,1900-01-01 12:52:38,1,0,0.4038622073766235
12:52:40,24.4,57.7,1900-01-01 12:52:40,1,0,0.4028311838481258
12:52:42,24.0,57.5,1900-01-01 12:52:42,1,0,0.4688805466239367
12:52:44,24.4,57.8,1900-01-01 12:52:44,1,0,0.4038622073766235
12:52:46,24.4,57.8,1900-01-01 12:52:46,1,0,0.4038622073766235
12:52:48,24.4,58.0,1900-01-01 12:52:48,1,0,0.4025268149336844
12:52:50,24.4,58.0,1900-01-01 12:52:50,1,0,0.4025268149336844
12:52:52,24.4,58.1,1900-01-01 12:52:52,1,0,0.4004367198997111
12:52:54,24.4,58.2,1900-01-01 12:52:54,1,0,0.4019380955333649
12:52:56,24.4,58.1,1900-01-01 12:52:56,1,0,0.4004367198997111
12:52:58,24.4,58.3,1900-01-01 12:52:58,1,0,0.40158872077765095
12:53:00,24.4,58.2,1900-01-01 12:53:00,1,0,0.4019380955333649
12:53:02,24.4,58.1,1900-01-01 12:53:02,1,0,0.4004367198997111
12:53:04,24.4,58.2,1900-01-01 12:53:04,1,0,0.4019380955333649
12:53:06,24.4,58.3,1900-01-01 12:53:06,1,0,0.40158872077765095
12:53:08,24.4,58.2,1900-01-01 12:53:08,1,0,0.4019380955333649
12:53:10,24.5,80.0,1900-01-01 12:53:10,1,0,0.6011381956315512
12:53:12,24.4,58.1,1900-01-01 12:53:12,1,0,0.4004367198997111
12:53:14,24.4,58.1,1900-01-01 12:53:14,1,0,0.4004367198997111
12:53:16,24.5,58.2,1900-01-01 12:53:16,1,0,0.3997223746217114
12:53:18,24.4,58.2,1900-01-01 12:53:18,1,0,0.4019380955333649
12:53:20,24.4,58.2,1900-01-01 12:53:20,1,0,0.4019380955333649
12:53:22,24.4,58.2,1900-01-01 12:53:22,1,0,0.4019380955333649
12:53:24,24.4,58.2,1900-01-01 12:53:24,1,0,0.4019380955333649
12:53:26,10.6,84.8,1900-01-01 12:53:26,-1,1,0.7819698254763888
12:53:28,24.4,58.6,1900-01-01 12:53:28,1,0,0.4035743715256399
12:53:30,24.4,58.6,1900-01-01 12:53:30,1,0,0.4035743715256399
12:53:32,24.4,58.5,1900-01-01 12:53:32,1,0,0.40232097764154423
12:53:34,24.4,58.5,1900-01-01 12:53:34,1,0,0.40232097764154423
12:53:36,24.4,58.6,1900-01-01 12:53:36,1,0,0.4035743715256399
12:53:38,24.4,58.6,1900-01-01 12:53:38,1,0,0.4035743715256399
12:53:40,24.4,58.6,1900-01-01 12:53:40,1,0,0.4035743715256399
12:53:42,24.4,58.5,1900-01-01 12:53:42,1,0,0.40232097764154423
12:53:44,24.4,58.6,1900-01-01 12:53:44,1,0,0.4035743715256399
12:53:46,24.4,58.5,1900-01-01 12:53:46,1,0,0.40232097764154423
12:53:48,24.4,58.5,1900-01-01 12:53:48,1,0,0.40232097764154423
12:53:50,24.4,58.5,1900-01-01 12:53:50,1,0,0.40232097764154423
12:53:52,24.3,58.5,1900-01-01 12:53:52,1,0,0.42597125437782124
12:53:54,24.4,58.5,1900-01-01 12:53:54,1,0,0.40232097764154423
12:53:56,24.4,58.5,1900-01-01 12:53:56,1,0,0.40232097764154423
12:53:58,24.4,58.7,1900-01-01 12:53:58,1,0,0.40685983644927803
12:54:00,24.4,58.6,1900-01-01 12:54:00,1,0,0.4035743715256399
12:54:02,24.4,58.8,1900-01-01 12:54:02,1,0,0.4086811576553711
12:54:04,24.4,58.8,1900-01-01 12:54:04,1,0,0.4086811576553711
12:54:06,24.4,58.7,1900-01-01 12:54:06,1,0,0.40685983644927803
12:54:08,24.4,58.8,1900-01-01 12:54:08,1,0,0.4086811576553711
12:54:10,24.4,58.6,1900-01-01 12:54:10,1,0,0.4035743715256399
12:54:12,24.4,58.8,1900-01-01 12:54:12,1,0,0.4086811576553711
12:54:14,24.4,58.8,1900-01-01 12:54:14,1,0,0.4086811576553711
12:54:16,24.4,58.7,1900-01-01 12:54:16,1,0,0.40685983644927803
12:54:18,24.4,58.8,1900-01-01 12:54:18,1,0,0.4086811576553711
12:54:20,24.4,59.0,1900-01-01 12:54:20,1,0,0.4141444922878495
12:54:22,24.4,58.9,1900-01-01 12:54:22,1,0,0.4111282574815312
12:54:24,24.3,58.8,1900-01-01 12:54:24,1,0,0.43057223388913185
12:54:26,24.4,58.9,1900-01-01 12:54:26,1,0,0.4111282574815312
12:54:28,24.3,58.9,1900-01-01 12:54:28,1,0,0.4340391669556543
12:54:30,24.4,58.9,1900-01-01 12:54:30,1,0,0.4111282574815312
12:54:32,24.3,58.8,1900-01-01 12:54:32,1,0,0.43057223388913185
12:54:34,24.3,58.7,1900-01-01 12:54:34,1,0,0.4263539131743326
12:54:36,24.5,58.7,1900-01-01 12:54:36,1,0,0.4041610473650036
12:54:38,24.3,58.5,1900-01-01 12:54:38,1,0,0.42597125437782124
12:54:40,24.3,58.6,1900-01-01 12:54:40,1,0,0.42473949273664885
12:54:42,24.3,58.6,1900-01-01 12:54:42,1,0,0.42473949273664885
12:54:44,24.3,58.5,1900-01-01 12:54:44,1,0,0.42597125437782124
12:54:46,24.3,58.6,1900-01-01 12:54:46,1,0,0.42473949273664885
12:54:48,24.3,58.6,1900-01-01 12:54:48,1,0,0.42473949273664885
12:54:50,24.3,59.1,1900-01-01 12:54:50,1,0,0.4385920872480823
12:54:52,24.3,59.3,1900-01-01 12:54:52,1,0,0.4464984228786896
12:54:54,24.3,59.2,1900-01-01 12:54:54,1,0,0.4420678812666542
12:54:56,24.3,58.9,1900-01-01 12:54:56,1,0,0.4340391669556543
12:54:58,24.3,58.8,1900-01-01 12:54:58,1,0,0.43057223388913185
12:55:00,24.3,58.7,1900-01-01 12:55:00,1,0,0.4263539131743326
12:55:02,24.3,58.7,1900-01-01 12:55:02,1,0,0.4263539131743326
12:55:04,24.3,58.8,1900-01-01 12:55:04,1,0,0.43057223388913185
12:55:06,24.3,58.7,1900-01-01 12:55:06,1,0,0.4263539131743326
12:55:08,24.3,58.8,1900-01-01 12:55:08,1,0,0.43057223388913185
12:55:10,24.3,58.7,1900-01-01 12:55:10,1,0,0.4263539131743326
12:55:12,24.3,58.6,1900-01-01 12:55:12,1,0,0.42473949273664885
12:55:14,24.3,58.6,1900-01-01 12:55:14,1,0,0.42473949273664885
12:55:16,24.3,58.6,1900-01-01 12:55:16,1,0,0.42473949273664885
12:55:18,24.3,58.5,1900-01-01 12:55:18,1,0,0.42597125437782124
12:55:20,24.4,76.2,1900-01-01 12:55:20,1,0,0.5797041675896671
12:55:22,24.3,58.5,1900-01-01 12:55:22,1,0,0.42597125437782124
12:55:24,24.3,58.6,1900-01-01 12:55:24,1,0,0.42473949273664885
12:55:26,24.3,58.5,1900-01-01 12:55:26,1,0,0.42597125437782124
12:55:28,24.3,58.6,1900-01-01 12:55:28,1,0,0.42473949273664885
12:55:30,24.3,58.6,1900-01-01 12:55:30,1,0,0.42473949273664885
12:55:32,10.2,90.0,1900-01-01 12:55:32,-1,1,0.7811766229228906
12:55:34,24.3,58.8,1900-01-01 12:55:34,1,0,0.43057223388913185
12:55:36,24.3,58.8,1900-01-01 12:55:36,1,0,0.43057223388913185
12:55:38,24.4,58.7,1900-01-01 12:55:38,1,0,0.40685983644927803
12:55:40,24.3,58.5,1900-01-01 12:55:40,1,0,0.42597125437782124
12:55:42,24.3,58.6,1900-01-01 12:55:42,1,0,0.42473949273664885
12:55:44,24.2,57.6,1900-01-01 12:55:44,1,0,0.4544037306984029
12:55:46,24.2,57.6,1900-01-01 12:55:46,1,0,0.4544037306984029
12:55:48,24.2,57.6,1900-01-01 12:55:48,1,0,0.4544037306984029
12:55:50,24.2,57.6,1900-01-01 12:55:50,1,0,0.4544037306984029
12:55:52,24.2,57.6,1900-01-01 12:55:52,1,0,0.4544037306984029
12:55:54,24.2,57.6,1900-01-01 12:55:54,1,0,0.4544037306984029
12:55:56,24.2,57.6,1900-01-01 12:55:56,1,0,0.4544037306984029
12:55:58,24.2,57.6,1900-01-01 12:55:58,1,0,0.4544037306984029
12:56:00,24.2,57.6,1900-01-01 12:56:00,1,0,0.4544037306984029
12:56:02,24.2,57.6,1900-01-01 12:56:02,1,0,0.4544037306984029
12:56:04,24.2,57.6,1900-01-01 12:56:04,1,0,0.4544037306984029
12:56:06,24.2,57.6,1900-01-01 12:56:06,1,0,0.4544037306984029
12:56:08,24.4,58.0,1900-01-01 12:56:08,1,0,0.4025268149336844
12:56:10,24.4,58.1,1900-01-01 12:56:10,1,0,0.4004367198997111
12:56:12,24.4,58.1,1900-01-01 12:56:12,1,0,0.4004367198997111
12:56:14,24.4,58.1,1900-01-01 12:56:14,1,0,0.4004367198997111
12:56:16,24.4,58.2,1900-01-01 12:56:16,1,0,0.4019380955333649
12:56:18,24.4,58.3,1900-01-01 12:56:18,1,0,0.40158872077765095
12:56:20,24.4,58.3,1900-01-01 12:56:20,1,0,0.40158872077765095
12:56:22,24.4,58.3,1900-01-01 12:56:22,1,0,0.40158872077765095
12:56:24,24.4,58.1,1900-01-01 12:56:24,1,0,0.4004367198997111
12:56:26,24.5,57.9,1900-01-01 12:56:26,1,0,0.39698382170164054
12:56:28,24.5,57.7,1900-01-01 12:56:28,1,0,0.39448758208260953
12:56:30,24.5,57.7,1900-01-01 12:56:30,1,0,0.39448758208260953
12:56:32,24.5,57.7,1900-01-01 12:56:32,1,0,0.39448758208260953
12:56:34,24.5,57.7,1900-01-01 12:56:34,1,0,0.39448758208260953
12:56:36,24.5,57.5,1900-01-01 12:56:36,1,0,0.39553705476232254
12:56:38,24.4,57.4,1900-01-01 12:56:38,1,0,0.4070092548147693
12:56:40,24.5,57.4,1900-01-01 12:56:40,1,0,0.397177382169181
12:56:42,24.5,57.6,1900-01-01 12:56:42,1,0,0.39428828369021035
12:56:44,24.5,57.7,1900-01-01 12:56:44,1,0,0.39448758208260953
12:56:46,24.5,57.7,1900-01-01 12:56:46,1,0,0.39448758208260953
12:56:48,24.5,57.8,1900-01-01 12:56:48,1,0,0.3956310672834905
12:56:50,24.5,57.8,1900-01-01 12:56:50,1,0,0.3956310672834905
12:56:52,24.5,57.8,1900-01-01 12:56:52,1,0,0.3956310672834905
12:56:54,24.5,57.7,1900-01-01 12:56:54,1,0,0.39448758208260953
12:56:56,24.5,57.5,1900-01-01 12:56:56,1,0,0.39553705476232254
12:56:58,24.6,57.5,1900-01-01 12:56:58,1,0,0.38579492830901985
12:57:00,24.5,57.3,1900-01-01 12:57:00,1,0,0.39843577922563456
12:57:02,24.5,57.2,1900-01-01 12:57:02,1,0,0.39951513148541734
12:57:04,24.5,57.3,1900-01-01 12:57:04,1,0,0.39843577922563456
12:57:06,24.5,57.5,1900-01-01 12:57:06,1,0,0.39553705476232254
12:57:08,24.5,57.6,1900-01-01 12:57:08,1,0,0.39428828369021035
12:57:10,24.5,57.6,1900-01-01 12:57:10,1,0,0.39428828369021035
12:57:12,24.5,57.6,1900-01-01 12:57:12,1,0,0.39428828369021035
12:57:14,14.9,89.1,1900-01-01 12:57:14,-1,1,0.7564704144585832
12:57:16,24.5,57.5,1900-01-01 12:57:16,1,0,0.39553705476232254
12:57:18,24.6,57.5,1900-01-01 12:57:18,1,0,0.38579492830901985
12:57:20,24.6,57.5,1900-01-01 12:57:20,1,0,0.38579492830901985
12:57:22,24.6,57.4,1900-01-01 12:57:22,1,0,0.3870028464993293
12:57:24,24.6,57.4,1900-01-01 12:57:24,1,0,0.3870028464993293
12:57:26,24.6,57.5,1900-01-01 12:57:26,1,0,0.38579492830901985
12:57:28,24.6,57.5,1900-01-01 12:57:28,1,0,0.38579492830901985
12:57:30,24.6,57.4,1900-01-01 12:57:30,1,0,0.3870028464993293
12:57:32,24.6,57.3,1900-01-01 12:57:32,1,0,0.38807046630672437
12:57:34,13.6,80.2,1900-01-01 12:57:34,-1,1,0.7585066873875015
12:57:36,24.6,57.3,1900-01-01 12:57:36,1,0,0.38807046630672437
12:57:38,24.6,57.3,1900-01-01 12:57:38,1,0,0.38807046630672437
12:57:40,24.6,57.2,1900-01-01 12:57:40,1,0,0.38925526822658313
12:57:42,24.6,57.3,1900-01-01 12:57:42,1,0,0.38807046630672437
12:57:44,24.6,57.3,1900-01-01 12:57:44,1,0,0.38807046630672437
12:57:46,24.6,57.2,1900-01-01 12:57:46,1,0,0.38925526822658313
12:57:48,24.6,57.2,1900-01-01 12:57:48,1,0,0.38925526822658313
12:57:50,24.6,57.3,1900-01-01 12:57:50,1,0,0.38807046630672437
12:57:52,24.6,57.3,1900-01-01 12:57:52,1,0,0.38807046630672437
12:57:54,24.6,55.5,1900-01-01 12:57:54,1,0,0.4161886984062138
12:57:56,24.4,53.1,1900-01-01 12:57:56,1,0,0.4496634532106854
12:57:58,24.5,56.3,1900-01-01 12:57:58,1,0,0.4127788637350373
12:58:00,24.4,54.1,1900-01-01 12:58:00,1,0,0.4470160681819767
12:58:02,24.6,56.8,1900-01-01 12:58:02,1,0,0.3973160973990196
12:58:04,24.5,56.6,1900-01-01 12:58:04,1,0,0.41080442412830465
12:58:06,24.5,56.8,1900-01-01 12:58:06,1,0,0.40666096990250294
12:58:08,24.5,57.2,1900-01-01 12:58:08,1,0,0.39951513148541734
12:58:10,24.5,57.2,1900-01-01 12:58:10,1,0,0.39951513148541734
12:58:12,24.5,57.2,1900-01-01 12:58:12,1,0,0.39951513148541734
12:58:14,24.5,57.3,1900-01-01 12:58:14,1,0,0.39843577922563456
12:58:16,24.5,57.2,1900-01-01 12:58:16,1,0,0.39951513148541734
12:58:18,24.5,57.6,1900-01-01 12:58:18,1,0,0.39428828369021035
12:58:20,24.5,57.4,1900-01-01 12:58:20,1,0,0.397177382169181
12:58:22,24.5,57.2,1900-01-01 12:58:22,1,0,0.39951513148541734
12:58:24,24.5,57.2,1900-01-01 12:58:24,1,0,0.39951513148541734
12:58:26,24.5,57.4,1900-01-01 12:58:26,1,0,0.397177382169181
12:58:28,24.5,57.4,1900-01-01 12:58:28,1,0,0.397177382169181
12:58:30,24.5,57.5,1900-01-01 12:58:30,1,0,0.39553705476232254
12:58:32,24.5,57.6,1900-01-01 12:58:32,1,0,0.39428828369021035
12:58:34,24.6,57.5,1900-01-01 12:58:34,1,0,0.38579492830901985
12:58:36,24.6,57.4,1900-01-01 12:58:36,1,0,0.3870028464993293
12:58:38,24.5,57.4,1900-01-01 12:58:38,1,0,0.397177382169181
12:58:40,24.6,57.3,1900-01-01 12:58:40,1,0,0.38807046630672437
12:58:42,24.6,57.3,1900-01-01 12:58:42,1,0,0.38807046630672437
12:58:44,24.6,57.5,1900-01-01 12:58:44,1,0,0.38579492830901985
12:58:46,24.6,57.4,1900-01-01 12:58:46,1,0,0.3870028464993293
12:58:48,24.6,57.3,1900-01-01 12:58:48,1,0,0.38807046630672437
12:58:50,24.5,57.5,1900-01-01 12:58:50,1,0,0.39553705476232254
12:58:52,24.6,57.5,1900-01-01 12:58:52,1,0,0.38579492830901985
12:58:54,24.6,57.6,1900-01-01 12:58:54,1,0,0.3849440865128897
12:58:56,24.6,57.5,1900-01-01 12:58:56,1,0,0.38579492830901985
12:58:58,24.6,57.5,1900-01-01 12:58:58,1,0,0.38579492830901985
12:59:00,24.6,57.5,1900-01-01 12:59:00,1,0,0.38579492830901985
12:59:02,24.6,57.4,1900-01-01 12:59:02,1,0,0.3870028464993293
12:59:04,24.6,57.5,1900-01-01 12:59:04,1,0,0.38579492830901985
12:59:06,24.6,57.4,1900-01-01 12:59:06,1,0,0.3870028464993293
12:59:08,24.6,57.5,1900-01-01 12:59:08,1,0,0.38579492830901985
12:59:10,24.6,57.5,1900-01-01 12:59:10,1,0,0.38579492830901985
12:59:12,24.6,57.4,1900-01-01 12:59:12,1,0,0.3870028464993293
12:59:14,24.6,57.3,1900-01-01 12:59:14,1,0,0.38807046630672437
12:59:16,24.6,57.2,1900-01-01 12:59:16,1,0,0.38925526822658313
12:59:18,24.6,57.1,1900-01-01 12:59:18,1,0,0.39193931942563454
12:59:20,24.6,57.0,1900-01-01 12:59:20,1,0,0.39420706177989023
12:59:22,24.6,56.9,1900-01-01 12:59:22,1,0,0.397131576019206
12:59:24,24.6,56.6,1900-01-01 12:59:24,1,0,0.4007236625473329
12:59:26,24.6,56.4,1900-01-01 12:59:26,1,0,0.4034278735859755
12:59:28,24.6,56.1,1900-01-01 12:59:28,1,0,0.4060164672102382
12:59:30,24.6,56.0,1900-01-01 12:59:30,1,0,0.4083019449986319
12:59:32,24.6,55.9,1900-01-01 12:59:32,1,0,0.4088967990927776
12:59:34,24.6,55.8,1900-01-01 12:59:34,1,0,0.40916911962735253
12:59:36,24.6,55.7,1900-01-01 12:59:36,1,0,0.41372380962195565
12:59:38,24.6,55.6,1900-01-01 12:59:38,1,0,0.41387691096124046
12:59:40,25.6,80.0,1900-01-01 12:59:40,1,0,0.5720670961660159
12:59:42,24.9,69.3,1900-01-01 12:59:42,1,0,0.51486290202184
12:59:44,24.9,64.3,1900-01-01 12:59:44,1,0,0.4716289134805965
12:59:46,24.7,60.7,1900-01-01 12:59:46,1,0,0.4310260781874652
12:59:48,24.7,56.3,1900-01-01 12:59:48,1,0,0.40214635605961946
12:59:50,24.6,54.8,1900-01-01 12:59:50,1,0,0.4206733210278855
12:59:52,24.6,54.9,1900-01-01 12:59:52,1,0,0.4206817243238708
12:59:54,24.6,54.8,1900-01-01 12:59:54,1,0,0.4206733210278855
12:59:56,24.6,54.8,1900-01-01 12:59:56,1,0,0.4206733210278855
12:59:58,24.6,54.7,1900-01-01 12:59:58,1,0,0.4220104492562475
13:00:00,24.6,54.9,1900-01-01 13:00:00,1,0,0.4206817243238708
13:00:02,24.6,41.9,1900-01-01 13:00:02,1,0,0.5388933506621668
13:00:04,24.6,42.2,1900-01-01 13:00:04,1,0,0.5365668464310707
13:00:06,24.6,55.0,1900-01-01 13:00:06,1,0,0.4207614032288463
13:00:08,24.6,55.2,1900-01-01 13:00:08,1,0,0.4217977665171749
13:00:10,24.6,55.1,1900-01-01 13:00:10,1,0,0.4211679800518107
13:00:12,24.6,55.1,1900-01-01 13:00:12,1,0,0.4211679800518107
13:00:14,24.6,55.0,1900-01-01 13:00:14,1,0,0.4207614032288463
13:00:16,24.6,69.4,1900-01-01 13:00:16,1,0,0.5226921617747371
13:00:18,24.8,71.6,1900-01-01 13:00:18,1,0,0.5349998111225319
13:00:20,24.6,55.0,1900-01-01 13:00:20,1,0,0.4207614032288463
13:00:22,24.7,55.0,1900-01-01 13:00:22,1,0,0.41493447466256433
13:00:24,24.7,54.9,1900-01-01 13:00:24,1,0,0.4147976911827363
13:00:26,24.7,55.5,1900-01-01 13:00:26,1,0,0.41132837706559355
13:00:28,24.7,55.6,1900-01-01 13:00:28,1,0,0.40909861329023123
13:00:30,24.7,55.6,1900-01-01 13:00:30,1,0,0.40909861329023123
13:00:32,24.7,55.6,1900-01-01 13:00:32,1,0,0.40909861329023123
13:00:34,24.7,55.3,1900-01-01 13:00:34,1,0,0.41529251873958345
13:00:36,24.7,54.6,1900-01-01 13:00:36,1,0,0.4169819800037178
13:00:38,24.7,55.1,1900-01-01 13:00:38,1,0,0.41533542099260345
13:00:40,24.7,54.9,1900-01-01 13:00:40,1,0,0.4147976911827363
13:00:42,24.7,54.9,1900-01-01 13:00:42,1,0,0.4147976911827363
13:00:44,24.7,54.9,1900-01-01 13:00:44,1,0,0.4147976911827363
13:00:46,24.7,54.8,1900-01-01 13:00:46,1,0,0.4147894054228103
13:00:48,24.7,54.9,1900-01-01 13:00:48,1,0,0.4147976911827363
13:00:50,24.7,55.0,1900-01-01 13:00:50,1,0,0.41493447466256433
13:00:52,24.8,54.9,1900-01-01 13:00:52,1,0,0.40691011509962494
13:00:54,24.8,54.9,1900-01-01 13:00:54,1,0,0.40691011509962494
13:00:56,24.8,54.9,1900-01-01 13:00:56,1,0,0.40691011509962494
13:00:58,24.8,54.6,1900-01-01 13:00:58,1,0,0.4081696489064187
13:01:00,24.8,54.7,1900-01-01 13:01:00,1,0,0.40712407178624105
13:01:02,24.8,54.5,1900-01-01 13:01:02,1,0,0.4074699787071508
13:01:04,24.8,54.3,1900-01-01 13:01:04,1,0,0.40717790482838256
13:01:06,24.7,54.1,1900-01-01 13:01:06,1,0,0.41714332964090217
13:01:08,24.8,54.0,1900-01-01 13:01:08,1,0,0.40523331866920714
13:01:10,24.8,54.1,1900-01-01 13:01:10,1,0,0.4068579274415278
13:01:12,24.8,54.1,1900-01-01 13:01:12,1,0,0.4068579274415278
13:01:14,24.8,53.9,1900-01-01 13:01:14,1,0,0.40504152436999163
13:01:16,24.8,53.9,1900-01-01 13:01:16,1,0,0.40504152436999163
13:01:18,24.8,53.9,1900-01-01 13:01:18,1,0,0.40504152436999163
13:01:20,24.8,53.8,1900-01-01 13:01:20,1,0,0.40504152436999163
13:01:22,24.8,53.9,1900-01-01 13:01:22,1,0,0.40504152436999163
13:01:24,24.8,53.8,1900-01-01 13:01:24,1,0,0.40504152436999163
13:01:26,24.8,53.7,1900-01-01 13:01:26,1,0,0.40423964042892285
13:01:28,24.8,53.7,1900-01-01 13:01:28,1,0,0.40423964042892285
13:01:30,24.8,53.7,1900-01-01 13:01:30,1,0,0.40423964042892285
13:01:32,24.8,53.7,1900-01-01 13:01:32,1,0,0.40423964042892285
13:01:34,24.8,53.7,1900-01-01 13:01:34,1,0,0.40423964042892285
13:01:36,24.8,53.9,1900-01-01 13:01:36,1,0,0.40504152436999163
13:01:38,24.8,53.9,1900-01-01 13:01:38,1,0,0.40504152436999163
13:01:40,24.8,53.7,1900-01-01 13:01:40,1,0,0.40423964042892285
13:01:42,24.8,53.6,1900-01-01 13:01:42,1,0,0.40486136556804586
13:01:44,24.8,53.6,1900-01-01 13:01:44,1,0,0.40486136556804586
13:01:46,24.8,53.5,1900-01-01 13:01:46,1,0,0.40451332886146685
13:01:48,24.8,53.5,1900-01-01 13:01:48,1,0,0.40451332886146685
13:01:50,24.8,53.3,1900-01-01 13:01:50,1,0,0.4032380343512414
13:01:52,24.8,53.2,1900-01-01 13:01:52,1,0,0.4041630537789666
13:01:54,24.9,53.2,1900-01-01 13:01:54,1,0,0.3932910203849005
13:01:56,24.9,53.1,1900-01-01 13:01:56,1,0,0.39334252582832835
13:01:58,24.9,53.0,1900-01-01 13:01:58,1,0,0.3936767372619796
13:02:00,24.9,52.9,1900-01-01 13:02:00,1,0,0.3935736113824658
13:02:02,24.8,52.8,1900-01-01 13:02:02,1,0,0.404880727935837
13:02:04,24.8,52.8,1900-01-01 13:02:04,1,0,0.404880727935837
13:02:06,24.8,52.7,1900-01-01 13:02:06,1,0,0.4037882127892725
